{"type":"FeatureCollection","name":"Desa","crs":{"type":"name","properties":{"name":"urn:ogc:def:crs:OGC:1.3:CRS84"}},"features":[{"type":"Feature","properties":{"OBJECTID":29,"NAMOBJ":"Sugihmukti","SRS_ID":"SRGI 2013","KDEPUM":"32.04.38.2009","KDPKAB":"32.04","KDPPUM":"32","TIPADM":2,"WADMKC":"Pasirjambu","WADMKD":"Sugihmukti","WADMKK":"Bandung","WADMPR":"Jawa Barat","WIADKD":"Sugihmukti","WIADKC":"Pasirjambu","WIADKK":"Bandung","WIADPR":"Jawa Barat","SHAPE_Leng":0.45987597986,"SHAPE_Area":0.00738480236,"LUASHA":9020.24229137},"geometry":{"type":"MultiPolygon","coordinates":[[[[107.45328869600007,-7.140193521999947,0],[107.45458863200008,-7.142236435999962,0],[107.45486677400004,-7.144280451999975,0],[107.45509125900008,-7.148061740999935,0],[107.455237,-7.148645000999977,0],[107.45700026600008,-7.15427737899995,0],[107.45719396600003,-7.155157565999957,0],[107.457634,-7.157926,0],[107.45848365200004,-7.161923347999959,0],[107.45893799900006,-7.16425199899993,0],[107.45897111200009,-7.168571849999978,0],[107.45787100300004,-7.173619658999939,0],[107.46109930500006,-7.174854281999956,0],[107.46102326800008,-7.177324904999978,0],[107.45968846800008,-7.179978080999945,0],[107.45816791400006,-7.181322398999953,0],[107.45669091400003,-7.183508722999932,0],[107.45559686500008,-7.185418517999949,0],[107.45518622400004,-7.186568316999967,0],[107.45428612100005,-7.189601582999956,0],[107.45397921400007,-7.191808070999969,0],[107.45418145000008,-7.19357008399993,0],[107.45603829700008,-7.19600367399994,0],[107.45526157000006,-7.201808711999945,0],[107.45516042500009,-7.204178417999969,0],[107.45574086400006,-7.209745060999978,0],[107.45699939700006,-7.215215919999935,0],[107.45743623000004,-7.217240362999974,0],[107.45746301200006,-7.218725910999979,0],[107.45728751400009,-7.22039314899996,0],[107.45746597300007,-7.222177744999954,0],[107.45788237900007,-7.224200286999974,0],[107.45795150500004,-7.225975767999955,0],[107.45739899600005,-7.227358405999951,0],[107.45734736400004,-7.22913803199998,0],[107.45948745900006,-7.231288234999965,0],[107.46279310500006,-7.233610275999979,0],[107.46426749500006,-7.234349834999932,0],[107.46566480000007,-7.235706101999938,0],[107.46629914900006,-7.238061553999955,0],[107.46713399800007,-7.24875538799995,0],[107.46712492800003,-7.248758047999956,0],[107.46590524800007,-7.249411083999973,0],[107.46545896800006,-7.249615115999973,0],[107.46302581900005,-7.249558708999928,0],[107.46008613100008,-7.249672877999956,0],[107.45761928700006,-7.250038938999978,0],[107.45641370500005,-7.250451442999974,0],[107.45625095900004,-7.250461190999943,0],[107.45615154800004,-7.250224706999973,0],[107.45589194500008,-7.250000102999934,0],[107.45538615300006,-7.249562506999951,0],[107.45514816900004,-7.249370556999963,0],[107.45500643200006,-7.249282742999981,0],[107.45471359900006,-7.248956633999967,0],[107.45410048600007,-7.248371729999974,0],[107.45400920200007,-7.248284890999969,0],[107.45358864200006,-7.248015991999978,0],[107.45318406200005,-7.247721320999972,0],[107.45240850800008,-7.246897914999977,0],[107.45197040600004,-7.246670067999958,0],[107.45117809600004,-7.246240227999976,0],[107.45097648800004,-7.246135111999934,0],[107.45089713800007,-7.246107612999936,0],[107.45034733500006,-7.246060597999929,0],[107.44996317800008,-7.246042603999967,0],[107.44976209900005,-7.246015191999959,0],[107.44959192700009,-7.245984340999939,0],[107.44949393800005,-7.245959598999946,0],[107.44906561100004,-7.245776793999937,0],[107.44900084400007,-7.24573801799994,0],[107.44869851400006,-7.245517487999962,0],[107.44859938500008,-7.245435569999927,0],[107.44835058800004,-7.245229979999976,0],[107.44786883900008,-7.244757491999962,0],[107.44781333100008,-7.24470204499994,0],[107.44756343200004,-7.244613933999972,0],[107.44719301100008,-7.244699355999956,0],[107.44714250100009,-7.244713030999947,0],[107.44691568600007,-7.244584754999948,0],[107.44661679000006,-7.244415712999967,0],[107.44628263100009,-7.244101240999953,0],[107.44606775100004,-7.243818943999941,0],[107.44596221800003,-7.24358841399993,0],[107.44586993200005,-7.243469610999966,0],[107.44570111600007,-7.243379642999969,0],[107.44523279200007,-7.243200735999949,0],[107.44520753900008,-7.243188697999926,0],[107.44479060800006,-7.242992006999941,0],[107.44456419800008,-7.242880846999981,0],[107.44442728400008,-7.242825927999945,0],[107.44409497300006,-7.242722730999958,0],[107.44378260900004,-7.242633026999954,0],[107.44375233900007,-7.242687624999974,0],[107.44315090000003,-7.242770686999961,0],[107.44283498100003,-7.242765487999975,0],[107.44258419400006,-7.242686985999967,0],[107.44215751400009,-7.242557233999946,0],[107.44206579500008,-7.242558638999981,0],[107.44170205500006,-7.242819363999956,0],[107.44167679700007,-7.242836617999956,0],[107.44131434800005,-7.242957166999929,0],[107.44117388500007,-7.243029771999943,0],[107.44110036600006,-7.243130468999937,0],[107.44110758100004,-7.243297277999943,0],[107.44112995200004,-7.24345479699997,0],[107.44088544100003,-7.243732034999937,0],[107.44056866000005,-7.243990591999932,0],[107.44048792300003,-7.244088769999962,0],[107.44048082700004,-7.244297166999957,0],[107.44054864200007,-7.244530792999967,0],[107.44066153200004,-7.244758221999973,0],[107.44067103400005,-7.24482351499995,0],[107.44068124000006,-7.24489362099996,0],[107.44074701800008,-7.245281660999979,0],[107.44086136000004,-7.245529895999937,0],[107.44087412100004,-7.24562900899997,0],[107.44076165500007,-7.245808200999932,0],[107.44065194100006,-7.245901816999947,0],[107.44038386600005,-7.246058924999943,0],[107.44023080400007,-7.246261163999975,0],[107.44016858800006,-7.246437257999958,0],[107.44002473900008,-7.246780600999955,0],[107.43995862800006,-7.246887232999939,0],[107.43975509000006,-7.247336323999946,0],[107.43971365400006,-7.24742348999996,0],[107.43971240900004,-7.247461094999949,0],[107.43967081500006,-7.247634835999975,0],[107.43964779200007,-7.247730995999973,0],[107.43963263400008,-7.247823914999969,0],[107.43961804400004,-7.24806416499996,0],[107.43961625900005,-7.248226991999957,0],[107.43962356600008,-7.248261061999926,0],[107.43952504500004,-7.248616806999962,0],[107.43947750000007,-7.248744233999957,0],[107.43942764600007,-7.248800815999971,0],[107.43936201400004,-7.248981338999954,0],[107.43935448000008,-7.248991514999943,0],[107.43934694600006,-7.249001691999979,0],[107.43914457800008,-7.249212826999951,0],[107.43908542000008,-7.249262816999931,0],[107.43885987700008,-7.249387267999964,0],[107.43872739600005,-7.249449915999946,0],[107.43846284900008,-7.249746882999943,0],[107.43843905500006,-7.249772099999973,0],[107.43830757600006,-7.249995977999959,0],[107.43830685500006,-7.249998227999981,0],[107.43830613400007,-7.250000477999947,0],[107.43827255900004,-7.250105270999939,0],[107.43822550200008,-7.250224290999938,0],[107.43817401200005,-7.25029640899993,0],[107.43800584400009,-7.250517410999976,0],[107.43794304700003,-7.25057899799998,0],[107.43789008700008,-7.250808626999969,0],[107.43785941800007,-7.250915266999925,0],[107.43785450000007,-7.250963492999972,0],[107.43785511100003,-7.25104844599997,0],[107.43785288300006,-7.251345785999945,0],[107.43786789800004,-7.251448438999944,0],[107.43788725600007,-7.251483392999944,0],[107.43797810400008,-7.251941778999935,0],[107.43773049200007,-7.25207497599996,0],[107.43671576200006,-7.252211660999933,0],[107.43390668300009,-7.252592341999957,0],[107.43190235800006,-7.253022304999945,0],[107.43116686100007,-7.25327520899998,0],[107.43072891700007,-7.253281798999978,0],[107.43049673600007,-7.253317140999968,0],[107.42971200400007,-7.253342560999954,0],[107.42927732200008,-7.253403632999948,0],[107.42871856800008,-7.253494650999926,0],[107.42850409900007,-7.253533440999945,0],[107.42798876100005,-7.253715382999928,0],[107.42774328700006,-7.253746429999978,0],[107.42764881600004,-7.253797257999963,0],[107.42764490400003,-7.253862740999978,0],[107.42769581400006,-7.253943719999938,0],[107.42789336400006,-7.254260546999944,0],[107.42782946600005,-7.254319824999925,0],[107.42757688900008,-7.25443546899993,0],[107.42732387700005,-7.254487126999948,0],[107.42719714600008,-7.254539238999939,0],[107.42684171100007,-7.254774299999951,0],[107.42680071400008,-7.254888008999956,0],[107.42673737400008,-7.255211887999963,0],[107.42660403300005,-7.255332805999956,0],[107.42650256800005,-7.255308375999959,0],[107.42633597200006,-7.255172259999938,0],[107.42619684000005,-7.255092555999965,0],[107.42609581800008,-7.255113521999931,0],[107.42589685200005,-7.25520288599995,0],[107.42557426900004,-7.25532280799996,0],[107.42514621900006,-7.255456885999934,0],[107.42491845400008,-7.255605619999926,0],[107.42462643500005,-7.255747502999952,0],[107.42447976300008,-7.255767356999968,0],[107.42408097800006,-7.255756787999928,0],[107.42388157100004,-7.255833454999959,0],[107.42379099300007,-7.255922022999926,0],[107.42357801400004,-7.256200543999967,0],[107.42347121800009,-7.256277520999959,0],[107.42323830300006,-7.256479136999928,0],[107.42279919200007,-7.256926166999961,0],[107.42257719600008,-7.256977918999951,0],[107.42227144700007,-7.256995059999952,0],[107.42136883100005,-7.257131784999956,0],[107.42113177500005,-7.257114421999972,0],[107.42068912300005,-7.257023763999939,0],[107.42052004400006,-7.256946178999954,0],[107.42055901100008,-7.256726718999971,0],[107.42051945600008,-7.256521405999933,0],[107.42049386600007,-7.256353263999927,0],[107.42046605500008,-7.256140430999949,0],[107.42053326000007,-7.255825848999962,0],[107.42056314200005,-7.255693101999952,0],[107.42053125300004,-7.25555372599996,0],[107.42047059700008,-7.255476592999969,0],[107.42007845200004,-7.255431604999956,0],[107.41982677900006,-7.255385297999965,0],[107.41965973300006,-7.255315636999967,0],[107.41942446400009,-7.255139510999925,0],[107.41921266900005,-7.255028911999943,0],[107.41915321600004,-7.25495479999995,0],[107.41911575100005,-7.254695057999982,0],[107.41900548500007,-7.254453019999971,0],[107.41884363600008,-7.254281761999948,0],[107.41871497200009,-7.254179016999956,0],[107.41868879700007,-7.254099404999977,0],[107.41874715200004,-7.254029057999958,0],[107.41853554400006,-7.253761599999962,0],[107.41849092300004,-7.253705202999981,0],[107.41841517800009,-7.253636587999949,0],[107.41826654300007,-7.253477135999958,0],[107.41777074200007,-7.253388599999937,0],[107.41759859400008,-7.25329884699994,0],[107.41752324700008,-7.253227883999955,0],[107.41756270200005,-7.252946888999929,0],[107.41760313800006,-7.252666341999941,0],[107.41756763300003,-7.252498875999947,0],[107.41717969800004,-7.252028206999967,0],[107.41701114200004,-7.251861601999963,0],[107.41677752900006,-7.251725674999932,0],[107.41652452900007,-7.251679724999974,0],[107.41633858800009,-7.25173078399996,0],[107.41610862100003,-7.251821944999961,0],[107.41605397700005,-7.251853362999952,0],[107.41585237300006,-7.251947670999925,0],[107.41571393800007,-7.25197950699993,0],[107.41549489500005,-7.251985832999935,0],[107.41533924100008,-7.251961689999973,0],[107.41526891600006,-7.251950782999927,0],[107.41521621200008,-7.251933727999926,0],[107.41505511400004,-7.25185202199998,0],[107.41502990500004,-7.251834666999969,0],[107.41481945400005,-7.251668310999946,0],[107.41471579000006,-7.251543549999951,0],[107.41460631000007,-7.251344833999951,0],[107.41406116300004,-7.251031392999948,0],[107.41352678400006,-7.250736754999934,0],[107.41249037400007,-7.250291532999938,0],[107.41146417500005,-7.250218713999971,0],[107.41056888400004,-7.250155183999937,0],[107.41052862100008,-7.250133795999943,0],[107.41048791700007,-7.250108018999981,0],[107.41030714100003,-7.250000249999971,0],[107.41027068600005,-7.249978516999931,0],[107.41016057900003,-7.249896185999944,0],[107.41005355700008,-7.249820597999928,0],[107.40988843600007,-7.249748030999967,0],[107.40979767600004,-7.249712702999943,0],[107.40964441100004,-7.249674091999964,0],[107.40952215600004,-7.249642492999953,0],[107.40939283500006,-7.249604639999973,0],[107.40925602500005,-7.249552537999932,0],[107.40913606300006,-7.249499432999926,0],[107.40906308300004,-7.249447778999979,0],[107.40901445500003,-7.24939541699996,0],[107.40895481500007,-7.249285856999961,0],[107.40887392100007,-7.249139914999944,0],[107.40874682500004,-7.248934935999955,0],[107.40866196100006,-7.24883546999996,0],[107.40844569700005,-7.248632391999934,0],[107.40842049000008,-7.248613707999937,0],[107.40804697900006,-7.248293424999929,0],[107.40801471900005,-7.248265595999953,0],[107.40774961000005,-7.247981107999976,0],[107.40749101200004,-7.24770235099993,0],[107.40696902000008,-7.247371185999953,0],[107.40675871800005,-7.247244039999941,0],[107.40652726500008,-7.247168205999969,0],[107.40642800700004,-7.247153375999972,0],[107.40590918800007,-7.247058420999963,0],[107.40583957700005,-7.24705817499995,0],[107.40546218100008,-7.247090232999938,0],[107.40492554600007,-7.247014910999951,0],[107.40410601900004,-7.246824148999963,0],[107.40409514500004,-7.246828449999953,0],[107.40408427100004,-7.246832750999943,0],[107.40387131100005,-7.24687499099997,0],[107.40356940200007,-7.246873405999963,0],[107.40348865600004,-7.246879483999976,0],[107.40334455900006,-7.246890330999975,0],[107.40315814300004,-7.24695085899998,0],[107.40311373600008,-7.246970669999939,0],[107.40258244000006,-7.247144705999972,0],[107.40225136700008,-7.247238463999963,0],[107.40214436900004,-7.247281471999941,0],[107.40204722400006,-7.247298181999952,0],[107.40187022200007,-7.247326692999934,0],[107.40178896900005,-7.247362,0],[107.40175788400006,-7.247376416999941,0],[107.40166861900008,-7.247418247999974,0],[107.40146522700007,-7.24751542499996,0],[107.40133777800008,-7.247574610999948,0],[107.40101143600003,-7.247709113999974,0],[107.40074254100006,-7.247773565999978,0],[107.40045225700004,-7.247868571999959,0],[107.40037723300009,-7.247895891999974,0],[107.39996139000004,-7.248015692999957,0],[107.39983758500006,-7.248048548999975,0],[107.39966851500009,-7.248091522999971,0],[107.39949631800005,-7.248142051999935,0],[107.39926989300005,-7.24823130599998,0],[107.39910808600007,-7.248321799999928,0],[107.39910532200008,-7.24832334599995,0],[107.39910255700005,-7.24832489299996,0],[107.39892702800006,-7.248188927999934,0],[107.39876479000009,-7.24805385999997,0],[107.39867446700003,-7.247978350999972,0],[107.39828339600007,-7.247651418999965,0],[107.39799203100006,-7.247424119999948,0],[107.39786050000004,-7.247384159999967,0],[107.39776306600004,-7.247353229999931,0],[107.39771570800008,-7.247331986999939,0],[107.39750526900008,-7.247173501999953,0],[107.39741512600006,-7.246951827999965,0],[107.39736736400005,-7.246790947999955,0],[107.39731790800005,-7.246595532999947,0],[107.39719225200008,-7.246485423999957,0],[107.39692897500004,-7.246339155999976,0],[107.39657210200005,-7.246208139999965,0],[107.39637299200007,-7.246093519999931,0],[107.39626073000005,-7.245996878999961,0],[107.39600813800007,-7.245750229999942,0],[107.39595826600004,-7.245694939999964,0],[107.39585555100007,-7.245581062999975,0],[107.39580072800004,-7.245512245999976,0],[107.39558878500009,-7.245231696999952,0],[107.39540199600003,-7.245069442999977,0],[107.39532328300004,-7.244961941999975,0],[107.39527611100004,-7.244897223999942,0],[107.39510515600006,-7.24497391899996,0],[107.39496299900009,-7.245055413999978,0],[107.39485956100003,-7.245131644999958,0],[107.39466805100005,-7.245251125999971,0],[107.39445445000007,-7.245350468999959,0],[107.39427234300007,-7.245320832999937,0],[107.39406663400007,-7.245319087999974,0],[107.39385850000008,-7.245375641999942,0],[107.39346512300006,-7.24553726399995,0],[107.39313368300009,-7.24560994899997,0],[107.39267620600003,-7.245593104999955,0],[107.39262259000009,-7.245583038999939,0],[107.39257429400004,-7.245576233999941,0],[107.39202284000004,-7.245555509999974,0],[107.39184319900005,-7.245623329999944,0],[107.39165303200008,-7.245695124999941,0],[107.39137158200003,-7.245672265999929,0],[107.39090023100005,-7.245566340999972,0],[107.39063696000005,-7.245544595999945,0],[107.39045277800005,-7.245598537999967,0],[107.39013510500007,-7.245790181999951,0],[107.38977624100005,-7.246069205999959,0],[107.38952386400007,-7.246599954999965,0],[107.38937355700006,-7.246916050999971,0],[107.38928857200005,-7.247090184999934,0],[107.38906730000008,-7.247577286999956,0],[107.38906727500006,-7.247583708999969,0],[107.38906725000004,-7.247590130999981,0],[107.38907205400005,-7.247972656999934,0],[107.38902579400008,-7.248103103999938,0],[107.38882164500006,-7.248524697999926,0],[107.38845256100007,-7.248810861999971,0],[107.38801917500007,-7.249137963999942,0],[107.38781795100005,-7.24943290799996,0],[107.38751240500005,-7.249729736999939,0],[107.38727543600004,-7.250000392999937,0],[107.38715565100006,-7.250137210999981,0],[107.38693200400007,-7.250380265999979,0],[107.38682752900007,-7.250498953999966,0],[107.38682263500004,-7.250502942999958,0],[107.38681774200006,-7.250506931999951,0],[107.38647819800008,-7.250738475999981,0],[107.38628085800008,-7.250750484999969,0],[107.38595029400005,-7.250701940999932,0],[107.38578434300007,-7.250614309999946,0],[107.38552963500007,-7.250362911999957,0],[107.38536637000004,-7.250219952999942,0],[107.38510836300009,-7.250087857999972,0],[107.38485571500007,-7.250069606999944,0],[107.38478961500005,-7.250115994999931,0],[107.38471502600004,-7.250334441999939,0],[107.38448904000006,-7.251194278999947,0],[107.38447938500008,-7.251231014999973,0],[107.38427280000008,-7.25137493099993,0],[107.38400660100007,-7.251426805999927,0],[107.38381011900009,-7.251447269999971,0],[107.38380139500003,-7.251444567999954,0],[107.38379267000005,-7.251441865999936,0],[107.38357628300008,-7.251374852999959,0],[107.38331964000008,-7.251233729999967,0],[107.38285189200008,-7.250860978999981,0],[107.38277643900005,-7.250784693999947,0],[107.38248090100006,-7.250508841999931,0],[107.38215414900009,-7.250195598999937,0],[107.38197756800008,-7.250000268999941,0],[107.38185526400008,-7.249864973999934,0],[107.38172088200008,-7.24976492899998,0],[107.38164119600003,-7.24973042299996,0],[107.38155391000004,-7.249715370999979,0],[107.38128911100006,-7.249623799999938,0],[107.38125083800008,-7.249401459999945,0],[107.38123029400003,-7.249282109999967,0],[107.38116744100006,-7.249004295999953,0],[107.38126605300005,-7.248766633999935,0],[107.38126608700009,-7.24876655199995,0],[107.38126612600007,-7.248766458999967,0],[107.38126623800008,-7.248766189999969,0],[107.38133710800008,-7.248595374999979,0],[107.38135235100003,-7.248517001999971,0],[107.38137377800007,-7.248406834999969,0],[107.38129882600003,-7.247893519999934,0],[107.38125613600005,-7.247601157999952,0],[107.38124732800009,-7.247561281999936,0],[107.38125222600007,-7.247469261999981,0],[107.38125573900004,-7.247403248999944,0],[107.38129055400009,-7.247291085999962,0],[107.38129293700007,-7.24728340799993,0],[107.38132327500006,-7.247185669999965,0],[107.38135199100009,-7.247128216999954,0],[107.38138915800005,-7.246899896999935,0],[107.38139174800006,-7.246868604999975,0],[107.38139175300006,-7.246868546999963,0],[107.38139176800007,-7.24686836099994,0],[107.38139578800008,-7.24681979199994,0],[107.38137959800008,-7.246596107999949,0],[107.38137160700006,-7.246552552999958,0],[107.38136342200005,-7.246507942999926,0],[107.38133233700006,-7.246322315999976,0],[107.38133231100005,-7.246322157999941,0],[107.38132699900007,-7.246290438999949,0],[107.38131438300007,-7.246214298999973,0],[107.38130108800004,-7.246134058999928,0],[107.38125907800008,-7.245966112999952,0],[107.38120247600006,-7.245801216999951,0],[107.38117202800004,-7.245721857999968,0],[107.38110943800007,-7.245407744999966,0],[107.38106615500004,-7.245246884999972,0],[107.38106569600006,-7.245245195999928,0],[107.38106540100006,-7.245244107999952,0],[107.38106464000003,-7.245241331999978,0],[107.38102485000007,-7.245096205999971,0],[107.38101780300008,-7.245047037999939,0],[107.38101296000008,-7.245013403999963,0],[107.38101199800008,-7.245006721999971,0],[107.38101071000006,-7.244993106999971,0],[107.38101067300005,-7.244992717999935,0],[107.38099880200008,-7.244867221999925,0],[107.38099663300005,-7.24484020899996,0],[107.38098188000004,-7.244771956999955,0],[107.38096540900005,-7.244695760999946,0],[107.38095245600005,-7.244623106999938,0],[107.38088835800005,-7.244395758999929,0],[107.38084017000006,-7.244219828999974,0],[107.38075601600008,-7.243985762999955,0],[107.38067030400003,-7.243753023999943,0],[107.38061736700007,-7.243599449999977,0],[107.38054852400006,-7.243399732999933,0],[107.38053788200006,-7.243375541999967,0],[107.38051945900008,-7.243333661999941,0],[107.38047625100006,-7.243223630999978,0],[107.38046374800007,-7.243191789999969,0],[107.38033411100008,-7.242855296999949,0],[107.38033399600005,-7.242855003999978,0],[107.38030639500005,-7.242784364999977,0],[107.38022799000004,-7.242579002999946,0],[107.38022785900006,-7.242578656999967,0],[107.38022263300007,-7.242564589999972,0],[107.38011736900006,-7.242281190999961,0],[107.38009649500003,-7.242242463999958,0],[107.38005879100007,-7.242172513999947,0],[107.38002867500006,-7.242113081999946,0],[107.37994638300006,-7.241958629999942,0],[107.37987638500005,-7.24182725299994,0],[107.37987603400006,-7.241826593999974,0],[107.37979446600008,-7.241673501999969,0],[107.37979414400007,-7.241672659999949,0],[107.37969072200008,-7.241402182999934,0],[107.37962963300004,-7.241192816999956,0],[107.37959024300005,-7.241057816999955,0],[107.37956524000003,-7.240994860999933,0],[107.37940878100005,-7.24067288599997,0],[107.37933944400004,-7.240547345999971,0],[107.37916897000008,-7.240312527999947,0],[107.37913978800009,-7.240267272999972,0],[107.37890328500004,-7.240047450999953,0],[107.37889776000009,-7.240043267999965,0],[107.37889223600007,-7.240039084999978,0],[107.37879986800004,-7.239957292999975,0],[107.37861079200007,-7.239742736999972,0],[107.37850442700005,-7.239606488999925,0],[107.37848454600004,-7.239588172999959,0],[107.37847725000006,-7.23958197099995,0],[107.37846995400008,-7.239575767999952,0],[107.37744029700008,-7.239315860999966,0],[107.37708784000006,-7.239242167999976,0],[107.37659115800005,-7.239187075999951,0],[107.37643586600007,-7.239181332999976,0],[107.37687436700008,-7.238344641999959,0],[107.37721546900008,-7.237631184999941,0],[107.37753568500005,-7.237319588999981,0],[107.37801658000006,-7.236961237999935,0],[107.37825531300007,-7.236454931999958,0],[107.37815987200008,-7.235789668999928,0],[107.37809939500005,-7.235216053999977,0],[107.37830358500008,-7.234698447999961,0],[107.37882955200007,-7.234167682999953,0],[107.37936695200005,-7.233625380999968,0],[107.37997127100004,-7.23269245399996,0],[107.38039192200006,-7.231806401999961,0],[107.38070021700008,-7.231414517999951,0],[107.38106712600006,-7.231240420999939,0],[107.38172072500004,-7.230938560999959,0],[107.38224511900006,-7.230109358999925,0],[107.38340553200004,-7.227819049999937,0],[107.38433591400008,-7.225291224999978,0],[107.38442547900007,-7.222854963999964,0],[107.38449887400009,-7.219978177999963,0],[107.38451129600008,-7.219491287999972,0],[107.38461516000007,-7.217329265999979,0],[107.38470820800006,-7.215392401999964,0],[107.38482267600006,-7.213107564999973,0],[107.38333882300009,-7.210693325999955,0],[107.38207576400004,-7.208737070999973,0],[107.38220246700007,-7.206589909999934,0],[107.38246085800006,-7.203248285999962,0],[107.38258332800007,-7.202490059999946,0],[107.38423780500005,-7.200174237999931,0],[107.38585361500009,-7.199259004999931,0],[107.38799654300004,-7.198042575999978,0],[107.38995400500005,-7.19652866499996,0],[107.39110964200006,-7.195535474999929,0],[107.39135064800007,-7.193272941999965,0],[107.39118904100008,-7.190943640999933,0],[107.39113556100006,-7.189509101999931,0],[107.39115380200008,-7.188602200999981,0],[107.39140733000005,-7.186534738999967,0],[107.39179372900009,-7.183502386999976,0],[107.39198298400004,-7.182330586999967,0],[107.39295833300008,-7.179834655999969,0],[107.39404608100006,-7.176856040999951,0],[107.39469485600006,-7.175647410999943,0],[107.39503081900006,-7.174587822999968,0],[107.39639266200004,-7.170948002999978,0],[107.39688364100004,-7.169635745999926,0],[107.39971017300007,-7.161341432999961,0],[107.39971199900003,-7.161340686999949,0],[107.39971346100003,-7.161338912999952,0],[107.400356,-7.160559,0],[107.40082189200007,-7.160179784999968,0],[107.400829,-7.160174,0],[107.401394,-7.159897,0],[107.40161201000006,-7.159883770999954,0],[107.40246987100005,-7.159831716999975,0],[107.40484129900005,-7.159793772999933,0],[107.40511735300004,-7.159789355999976,0],[107.40556685200005,-7.159776908999959,0],[107.406033,-7.159764,0],[107.40619071400005,-7.159752602999959,0],[107.40641056500004,-7.159736715999941,0],[107.40660960900004,-7.159722332999934,0],[107.407403,-7.159665000999951,0],[107.40750371200005,-7.159652009999945,0],[107.40794310000007,-7.159595329999945,0],[107.408279,-7.159551998999973,0],[107.409173,-7.15931,0],[107.41015800100007,-7.159068,0],[107.411071,-7.158881,0],[107.41154142500005,-7.158795936999979,0],[107.41180099900004,-7.158749,0],[107.41183609400008,-7.158750812999926,0],[107.41193602100009,-7.158755977999931,0],[107.41213,-7.158766000999947,0],[107.412971,-7.158889,0],[107.413721,-7.159031,0],[107.41511,-7.159279,0],[107.41568203800006,-7.159384326999941,0],[107.416647,-7.159562,0],[107.41743582000004,-7.159668740999962,0],[107.41749955900008,-7.159677365999926,0],[107.417689,-7.159703000999968,0],[107.41795797000009,-7.159690613999942,0],[107.418145,-7.159682000999965,0],[107.41837277200005,-7.159540724999943,0],[107.418619,-7.159388,0],[107.419164,-7.158802,0],[107.419799,-7.158051,0],[107.42030696600006,-7.157457207999926,0],[107.42032676300005,-7.157434064999961,0],[107.420598,-7.157117,0],[107.42114299900004,-7.156458,0],[107.421487,-7.155964,0],[107.42156625300004,-7.155808076999961,0],[107.421794,-7.15536,0],[107.42214933100007,-7.154551907999974,0],[107.422228,-7.154373,0],[107.422787,-7.152985,0],[107.42288088600009,-7.152760716999978,0],[107.42292584800003,-7.152653307999969,0],[107.423093,-7.152254,0],[107.423437,-7.15163199899996,0],[107.423636,-7.151321998999947,0],[107.423999,-7.150882,0],[107.424653,-7.150186000999952,0],[107.425308,-7.149544000999981,0],[107.42567632300006,-7.149202960999958,0],[107.426199,-7.148719,0],[107.427145,-7.147967,0],[107.427818,-7.147471000999928,0],[107.42790821200003,-7.147419846999981,0],[107.42819131200008,-7.147259320999979,0],[107.428273,-7.147213000999955,0],[107.428875,-7.147046000999978,0],[107.42960599900005,-7.146987000999957,0],[107.42965338200008,-7.146996228999967,0],[107.430063,-7.147076,0],[107.43015850500007,-7.14710901199993,0],[107.43050426600007,-7.147228520999931,0],[107.43074,-7.14731,0],[107.43096514000007,-7.147420667999938,0],[107.431509,-7.147688,0],[107.43212292800007,-7.147982150999951,0],[107.43244832900007,-7.147596207999925,0],[107.43268720700007,-7.147312884999963,0],[107.43284090000009,-7.147012820999976,0],[107.43286708300008,-7.146983986999942,0],[107.43289661600005,-7.14690970099997,0],[107.43291981700008,-7.14676968699996,0],[107.43291347700006,-7.14670276399994,0],[107.43289996200008,-7.146637074999944,0],[107.43285394300005,-7.146536883999943,0],[107.43282256500004,-7.14647623299993,0],[107.43276202600003,-7.14635921699994,0],[107.43272818600008,-7.146298417999958,0],[107.43270529700004,-7.146271038999942,0],[107.43267526400007,-7.14625087099995,0],[107.43264769400008,-7.146243842999979,0],[107.43257584700007,-7.146239439999931,0],[107.43254343800004,-7.146222871999953,0],[107.43253741500007,-7.146215729999938,0],[107.43250731800003,-7.146183605999965,0],[107.43245176100004,-7.146090638999965,0],[107.43240590100004,-7.146020336999925,0],[107.43237935800005,-7.145981020999955,0],[107.43234569500004,-7.145953698999961,0],[107.43226289100005,-7.145914678999929,0],[107.43212028000005,-7.145884344999956,0],[107.43208670600006,-7.145873760999962,0],[107.43205188500008,-7.145853618999979,0],[107.43201584100007,-7.145828700999971,0],[107.43200136900003,-7.145808450999937,0],[107.43198685300007,-7.14577983199996,0],[107.43193699600005,-7.145633029999942,0],[107.43192716100003,-7.145584060999965,0],[107.43193412800008,-7.145543371999963,0],[107.43194215300008,-7.145476372999951,0],[107.43195734800008,-7.145406944999934,0],[107.43199981500004,-7.145288351999966,0],[107.43200791600009,-7.145235700999933,0],[107.43200704300006,-7.145070705999956,0],[107.43198716300009,-7.144933310999932,0],[107.43196485800007,-7.14478995099995,0],[107.43196337000006,-7.144734958999948,0],[107.43196440900005,-7.144705061999957,0],[107.43196661400003,-7.144669180999927,0],[107.43197719700004,-7.144633255999963,0],[107.43201388800009,-7.14455414899993,0],[107.43205154100008,-7.144430798999963,0],[107.43205265600005,-7.144415248999962,0],[107.43205136400007,-7.144397320999929,0],[107.43204768500004,-7.144380601999956,0],[107.43203198400005,-7.144354379999982,0],[107.43200679600005,-7.144344947999969,0],[107.43197324100004,-7.144337950999955,0],[107.43193491100004,-7.144333370999959,0],[107.43188222900005,-7.144331256999976,0],[107.43180681000007,-7.144330459999935,0],[107.43175654100008,-7.144331919999956,0],[107.43170270000007,-7.144336986999974,0],[107.43154847900007,-7.144374865999964,0],[107.43151262500004,-7.144385815999954,0],[107.43148511300006,-7.144389547999936,0],[107.43146353500003,-7.144383682999944,0],[107.43141307600007,-7.144349275999957,0],[107.43141186600008,-7.144346890999941,0],[107.43139743900008,-7.144335009999963,0],[107.43139023100008,-7.14433026599994,0],[107.43135784800006,-7.144318479999981,0],[107.43132671300003,-7.144316252999943,0],[107.43116272000009,-7.144317117999947,0],[107.43112922200004,-7.144320881999931,0],[107.43109690900008,-7.14432224799998,0],[107.43106578600003,-7.144322411999951,0],[107.43103822900008,-7.144317774999934,0],[107.43101543500006,-7.144308329999944,0],[107.43100336300006,-7.144289262999962,0],[107.43098039900008,-7.144247535999966,0],[107.43092835700008,-7.14414020199996,0],[107.43089083200005,-7.144061486999931,0],[107.43088110500008,-7.144032842999934,0],[107.43086648700006,-7.143985093999959,0],[107.43085744500007,-7.143859597999949,0],[107.43086134200007,-7.143690990999971,0],[107.43083912500003,-7.143564368999932,0],[107.43082331800008,-7.143517821999978,0],[107.43081719300005,-7.143491549999965,0],[107.43081229100005,-7.143470054999966,0],[107.43079901000004,-7.143448602999968,0],[107.43078937700005,-7.143437892999941,0],[107.43074026800008,-7.143432172999951,0],[107.43070559200004,-7.143439529999966,0],[107.43069248800003,-7.143451555999945,0],[107.43066142200007,-7.143462479999926,0],[107.43063036900008,-7.143475795999962,0],[107.43054775500008,-7.143472644999974,0],[107.43047948600008,-7.143465830999958,0],[107.43036680100005,-7.143435337999961,0],[107.43025541500003,-7.143423968999969,0],[107.43018954000007,-7.143417141999976,0],[107.43012253200004,-7.143422277999946,0],[107.43005316700004,-7.143434599999978,0],[107.43001019400003,-7.143457543999943,0],[107.42999234600006,-7.143477963999942,0],[107.42997332000004,-7.143501976999971,0],[107.42995791700008,-7.143531949999954,0],[107.42993181000008,-7.143575130999977,0],[107.42986760000008,-7.143656773999965,0],[107.42983415200007,-7.14367010199993,0],[107.42981262500007,-7.143673802999956,0],[107.42977910200005,-7.143672783999932,0],[107.42974915700006,-7.14366935399994,0],[107.42970721000006,-7.143660009999962,0],[107.42968439700007,-7.143646977999936,0],[107.42965549800005,-7.14361484799997,0],[107.42963856300008,-7.143581458999961,0],[107.42963606100005,-7.143561145999968,0],[107.42963474400005,-7.143538435999972,0],[107.42964878700008,-7.143477383999937,0],[107.42966399400007,-7.143410346999929,0],[107.42965538100009,-7.143366152999931,0],[107.42965048000008,-7.143344656999943,0],[107.42962484900005,-7.143251531999965,0],[107.42960771200006,-7.143179882999959,0],[107.42958460200003,-7.143110656999966,0],[107.42954619700004,-7.143038644999933,0],[107.42952043300005,-7.142999446999966,0],[107.42950039900006,-7.142977289999976,0],[107.42946279900008,-7.142940320999969,0],[107.42940151100004,-7.14289520899996,0],[107.42937872300007,-7.142886958999952,0],[107.42934871500006,-7.142871573999969,0],[107.42933186200008,-7.142853727999977,0],[107.42932095700007,-7.142828676999954,0],[107.42930872700003,-7.142779719999965,0],[107.42927815800005,-7.142657923999934,0],[107.42926651300007,-7.142492985999979,0],[107.42926020600004,-7.14243204099995,0],[107.42922740600005,-7.142341343999931,0],[107.42920690500006,-7.142312755999967,0],[107.42914662500004,-7.142231769999967,0],[107.42912013200004,-7.142202017999978,0],[107.42908172600005,-7.142183089999946,0],[107.42904103400008,-7.142184499999928,0],[107.42900051800007,-7.142219386999955,0],[107.42898385400008,-7.14223740999995,0],[107.42895771600007,-7.142274612999927,0],[107.42891621700005,-7.142350156999953,0],[107.42881408100004,-7.142503738999949,0],[107.42878789800005,-7.142532571999936,0],[107.42875811100004,-7.14255903399993,0],[107.42872707700008,-7.142575935999957,0],[107.42868290100006,-7.142597690999935,0],[107.42863500700008,-7.142595551999932,0],[107.42860860300004,-7.142582538999932,0],[107.42856415500006,-7.142552880999972,0],[107.42852916400005,-7.142500456999926,0],[107.42847253700006,-7.142431406999947,0],[107.42833159500009,-7.142263562999972,0],[107.42822183000004,-7.142066951999936,0],[107.42811386900007,-7.141842219999944,0],[107.42808291700004,-7.141789961999962,0],[107.42806302800005,-7.14176105699994,0],[107.42802596000007,-7.141718616999981,0],[107.42785763200004,-7.141585995999947,0],[107.42774730700006,-7.141503115999967,0],[107.42771118200005,-7.141462652999962,0],[107.42768460700006,-7.141417358999945,0],[107.42766520300006,-7.141369634999933,0],[107.42765301800006,-7.141329046999942,0],[107.42764322700003,-7.141288445999976,0],[107.42764303800004,-7.141252576999932,0],[107.42764533100006,-7.141233434999947,0],[107.42766176100008,-7.141171173999965,0],[107.42769357600008,-7.14104864899997,0],[107.42769697200004,-7.140944194999975,0],[107.42768303400004,-7.14085085499994,0],[107.42759472300008,-7.140602444999956,0],[107.42755276400004,-7.140478268999971,0],[107.42751609700008,-7.140334983999935,0],[107.42745977900006,-7.140116397999975,0],[107.42756751200005,-7.139990644999955,0],[107.42768925900003,-7.139858231999938,0],[107.42773023600006,-7.139817809999954,0],[107.42774698100004,-7.139794558999938,0],[107.42775230400008,-7.13978257399998,0],[107.42776768900006,-7.13974901499995,0],[107.42778657000008,-7.139697502999979,0],[107.42780703800008,-7.139609117999953,0],[107.42781934000004,-7.13957680599998,0],[107.42783573700007,-7.139550414999974,0],[107.42787303800009,-7.139523677999932,0],[107.42789574300008,-7.139516384999979,0],[107.42792328700006,-7.13951863099993,0],[107.42794008300007,-7.13952571599998,0],[107.42797959800004,-7.139527899999962,0],[107.42803706100005,-7.139528792999954,0],[107.42806695500008,-7.139522656999929,0],[107.42810637400004,-7.139506905999951,0],[107.42814457200006,-7.139486378999948,0],[107.42815767600007,-7.139474353999958,0],[107.42818147100007,-7.139446727999939,0],[107.42823931100008,-7.139338350999935,0],[107.42824567900004,-7.139328869999929,0],[107.42827616000005,-7.139242968999952,0],[107.42828788400004,-7.13919627699994,0],[107.42829842400005,-7.13915198199993,0],[107.42831917600006,-7.139001220999944,0],[107.42831622600005,-7.138896018999958,0],[107.42832924800007,-7.138868449999961,0],[107.42834351200008,-7.13884924499996,0],[107.42837569200009,-7.13882277099998,0],[107.42845101600005,-7.138805634999926,0],[107.42850006900005,-7.138800593999974,0],[107.42855634700004,-7.138803884999959,0],[107.42859593100007,-7.138819219999959,0],[107.42864887700006,-7.138871549999976,0],[107.42868142400005,-7.138914421999971,0],[107.42869330200006,-7.138969783999926,0],[107.42868217500006,-7.139056700999959,0],[107.42866803800007,-7.139099818999966,0],[107.42866093100008,-7.139114203999952,0],[107.42865394500006,-7.139151305999974,0],[107.42865404600008,-7.139170435999972,0],[107.42866134800005,-7.139193114999955,0],[107.42874204600008,-7.139287146999948,0],[107.42876611900004,-7.139312127999972,0],[107.42880691300007,-7.139329847999932,0],[107.42883567300004,-7.139335674999927,0],[107.42890031200005,-7.139335334999942,0],[107.42902342100007,-7.139300012999968,0],[107.42907952400009,-7.139269825999975,0],[107.42914620300007,-7.139202517999934,0],[107.42917940400008,-7.139142560999971,0],[107.42921601900008,-7.139049106999948,0],[107.42922628800005,-7.138953400999981,0],[107.42925361800008,-7.138697996999952,0],[107.42925629800004,-7.138643662999925,0],[107.42930904800005,-7.138530899999978,0],[107.42939362600004,-7.138452736999966,0],[107.42945809400004,-7.138420114999974,0],[107.42952136600007,-7.138387499999965,0],[107.42958228100008,-7.138362069999971,0],[107.42967319100006,-7.13834963499994,0],[107.42975933800005,-7.138342006999949,0],[107.42979885200003,-7.138344189999941,0],[107.42992130400006,-7.138362187999974,0],[107.42995515800004,-7.138362128999972,0],[107.43000082900005,-7.138353453999969,0],[107.43005992200005,-7.138330866999979,0],[107.43012677200005,-7.138289178999969,0],[107.43018891400004,-7.138230116999978,0],[107.43024293900004,-7.13816778599994,0],[107.43028398300004,-7.138107353999942,0],[107.43031805200008,-7.138034911999966,0],[107.43032772000004,-7.137994674999959,0],[107.43033119900008,-7.137798453999949,0],[107.43033590100003,-7.137745492999954,0],[107.43035636500008,-7.137646281999935,0],[107.43036659000006,-7.137626972999954,0],[107.43039030200003,-7.137599687999966,0],[107.43049476700008,-7.137537916999975,0],[107.43053701400004,-7.137520893999977,0],[107.43059686700008,-7.13750655299998,0],[107.43068508100004,-7.137515718999964,0],[107.43072213800008,-7.137505957999963,0],[107.43074842800007,-7.137497449999955,0],[107.43079257800008,-7.137470912999959,0],[107.43082359300007,-7.137450423999951,0],[107.43083785000005,-7.137430021999933,0],[107.43087347600004,-7.137376030999974,0],[107.43090880600005,-7.137265844999945,0],[107.43091700200006,-7.13723112699995,0],[107.43092001000008,-7.137013521999961,0],[107.43086256700008,-7.136828838999975,0],[107.43076368600003,-7.13660122999994,0],[107.43064304000006,-7.136332125999957,0],[107.43061108300009,-7.136264859999926,0],[107.43059226600008,-7.136237697999945,0],[107.43055898600005,-7.136191960999952,0],[107.43052298500004,-7.13617493299995,0],[107.43042668500004,-7.136163961999955,0],[107.43036200100005,-7.136155693999967,0],[107.43032457100009,-7.13614010799995,0],[107.43028269500007,-7.13609871999995,0],[107.43025806400004,-7.136058675999948,0],[107.43023610900008,-7.135981312999945,0],[107.43022139700008,-7.135915390999969,0],[107.43019821500008,-7.135605599999963,0],[107.43020209000008,-7.135251188999973,0],[107.43021318700005,-7.135176521999938,0],[107.43026687000008,-7.135005499999977,0],[107.43040681100007,-7.13476007099996,0],[107.43046070100007,-7.134692995999956,0],[107.43059867300008,-7.134565730999952,0],[107.43070341900005,-7.134451180999974,0],[107.43073791600006,-7.134407046999968,0],[107.43082544600009,-7.134221734999926,0],[107.43084144900007,-7.134170894999954,0],[107.43088302900009,-7.133957389999978,0],[107.43090191500005,-7.133901772999934,0],[107.43101005000005,-7.133648576999974,0],[107.43105610800006,-7.133588128999975,0],[107.43121799700003,-7.133410753999954,0],[107.43131235300007,-7.133325604999925,0],[107.43135098400006,-7.133296705999953,0],[107.43143267700003,-7.133261840999978,0],[107.43149583300004,-7.133252899999945,0],[107.43159787100006,-7.133262405999972,0],[107.43175321400008,-7.133301761999974,0],[107.43183264500004,-7.133331001999977,0],[107.43185865800007,-7.133334573999946,0],[107.43188058100009,-7.13332931399998,0],[107.43191450200004,-7.133308540999963,0],[107.43197840300007,-7.133238879999965,0],[107.43202417100008,-7.133201334999967,0],[107.43205857600009,-7.133188239999981,0],[107.43208727400008,-7.13318234999997,0],[107.43250982500007,-7.133227470999941,0],[107.43255435400005,-7.133227236999971,0],[107.43257444800008,-7.133224260999953,0],[107.43264613900004,-7.13319949199996,0],[107.43267902500008,-7.133170623999945,0],[107.43269185400004,-7.133151903999931,0],[107.43286111500004,-7.132851742999947,0],[107.43297665300008,-7.132625377999943,0],[107.43299272800004,-7.132573696999941,0],[107.43302410100006,-7.132404318999932,0],[107.43303211100005,-7.132107755999925,0],[107.43301954300006,-7.131933330999971,0],[107.43301947800006,-7.131878397999969,0],[107.43303562300008,-7.131798321999952,0],[107.43305837200006,-7.131728125999928,0],[107.43313469300006,-7.131585912999981,0],[107.43322016900004,-7.131451549999952,0],[107.43326179000007,-7.131406173999949,0],[107.43329263400005,-7.13136525699997,0],[107.43333545900003,-7.131294471999979,0],[107.43334141500009,-7.131273420999946,0],[107.43334644400005,-7.131164196999976,0],[107.43334090100007,-7.13112745199993,0],[107.43333575500009,-7.131115192999971,0],[107.43324985300006,-7.130992634999927,0],[107.43320918700005,-7.13090819699994,0],[107.43320040500004,-7.13087739599996,0],[107.43319523800005,-7.130850879999969,0],[107.43319368400006,-7.130828648999966,0],[107.43319359300006,-7.130811431999973,0],[107.43319708600006,-7.130792760999952,0],[107.43320271000005,-7.130769774999976,0],[107.43320834900004,-7.130749658999946,0],[107.43327381000006,-7.130633096999929,0],[107.43336319600007,-7.130528008999931,0],[107.43344985000004,-7.130451833999928,0],[107.43348114200006,-7.130421265999928,0],[107.43353333900006,-7.130383949999953,0],[107.43358078000006,-7.130358691999959,0],[107.43359910300006,-7.130350165999971,0],[107.43375434200004,-7.130278264999959,0],[107.43386866700007,-7.130258354999967,0],[107.43392101500007,-7.130243013999973,0],[107.43396187300004,-7.13022773299997,0],[107.43403788400008,-7.130205092999972,0],[107.43409948600004,-7.130173920999937,0],[107.43417665300007,-7.130104269999947,0],[107.43419997700005,-7.130088900999965,0],[107.43424624800008,-7.130068066999968,0],[107.43428487100005,-7.130058715999951,0],[107.43442479900006,-7.130030880999925,0],[107.43454828700004,-7.130022338999936,0],[107.43459640600008,-7.13002208499995,0],[107.43461080000009,-7.130027747999975,0],[107.43466346300005,-7.130071948999955,0],[107.43468939400009,-7.130086159999962,0],[107.43472749200004,-7.130092414999979,0],[107.43477774700006,-7.130088563999948,0],[107.43482938100004,-7.130073943999946,0],[107.43506518200007,-7.130006579999929,0],[107.43508697400006,-7.129994887999942,0],[107.43511784600008,-7.129974738999977,0],[107.43512692700006,-7.129966283999977,0],[107.43513759800004,-7.129954780999981,0],[107.43517587900004,-7.129862638999953,0],[107.43519846700008,-7.129787911999927,0],[107.43522524300005,-7.129690205999964,0],[107.43525542800006,-7.129558046999932,0],[107.43525604000007,-7.129537956999968,0],[107.43525597900003,-7.129526478999935,0],[107.43523399800006,-7.129444095999929,0],[107.43522575200006,-7.129378856999949,0],[107.43523473300007,-7.129311374999929,0],[107.43524893700004,-7.129281169999956,0],[107.43527615300007,-7.129253146999929,0],[107.43529879800008,-7.129233599999964,0],[107.43532499000008,-7.129216975999952,0],[107.43554510800004,-7.129105282999944,0],[107.43566689100004,-7.129046053999957,0],[107.43576372000007,-7.129021630999944,0],[107.43581875000007,-7.129015361999961,0],[107.43586903600004,-7.129017487999931,0],[107.43593135500004,-7.129031506999979,0],[107.43602992500007,-7.129109899999946,0],[107.43609610700008,-7.129175311999973,0],[107.43612254800007,-7.129195497999945,0],[107.43615619600007,-7.129220428999929,0],[107.43618627300003,-7.129248965999977,0],[107.43621514600005,-7.129276313999981,0],[107.43632651700005,-7.129426485999943,0],[107.43645056200006,-7.129678590999958,0],[107.43655866500006,-7.129865258999928,0],[107.43663056900004,-7.12996640199998,0],[107.43669197600008,-7.130034228999932,0],[107.43672083600006,-7.130059185999926,0],[107.43675448500005,-7.130084116999967,0],[107.43677626500005,-7.130090612999936,0],[107.43685174100005,-7.130083842999966,0],[107.43688968400005,-7.130060685999979,0],[107.43690967200007,-7.130037623999954,0],[107.43697243700007,-7.129954793999957,0],[107.43698951000005,-7.129923855999948,0],[107.43699440800003,-7.129899438999928,0],[107.43699650600007,-7.129888666999932,0],[107.43699045300008,-7.129829758999961,0],[107.43697019600006,-7.12980271899994,0],[107.43692239300009,-7.129726927999968,0],[107.43690712900008,-7.129692573999932,0],[107.43690107200007,-7.129633780999939,0],[107.43691079300004,-7.129570598999976,0],[107.43692994200006,-7.129524584999956,0],[107.43696060400003,-7.12948281499996,0],[107.43709600500006,-7.129282666999927,0],[107.43715165900005,-7.129168069999935,0],[107.43717439400007,-7.129121079999948,0],[107.43720632900005,-7.12900326099998,0],[107.43722311500005,-7.128864547999967,0],[107.43723756100007,-7.128805504999946,0],[107.43730034800006,-7.128673722999963,0],[107.43735358800006,-7.12860074699995,0],[107.43737437200008,-7.128547071999947,0],[107.43739128500005,-7.128485765999926,0],[107.43740616100007,-7.128401513999961,0],[107.43741347800005,-7.128336431999969,0],[107.43742085500008,-7.128282828999943,0],[107.43746379100008,-7.12807216799996,0],[107.43748255900005,-7.127999373999955,0],[107.43750334200007,-7.127945699999941,0],[107.43752605100008,-7.127893927999935,0],[107.43763206600005,-7.12765997899993,0],[107.43768146600007,-7.127585109999927,0],[107.43772324600008,-7.127517932999979,0],[107.43773453500006,-7.127479612999934,0],[107.43774072300005,-7.127412392999929,0],[107.43772760800005,-7.127361882999935,0],[107.43769322900005,-7.127274179999972,0],[107.43767196500005,-7.127236987999936,0],[107.43750181100006,-7.126931800999955,0],[107.43741486000005,-7.126786868999943,0],[107.43730666000005,-7.126607614999955,0],[107.43729097500005,-7.12653882799998,0],[107.43728114600003,-7.126491053999928,0],[107.43728617400006,-7.126355201999957,0],[107.43730928300005,-7.126248087999954,0],[107.43734354500003,-7.12619742499993,0],[107.43745143900009,-7.12608720399993,0],[107.43775273900008,-7.125851526999952,0],[107.43809242300006,-7.12562017099998,0],[107.43822420500004,-7.12555060699998,0],[107.43834257500004,-7.125469596999949,0],[107.43837873500007,-7.125391407999928,0],[107.43838811500007,-7.125354293999976,0],[107.43839729200005,-7.125278919999971,0],[107.43839224500005,-7.125229924999928,0],[107.43838130800003,-7.125198895999972,0],[107.43836562700005,-7.125176261999968,0],[107.43832590600005,-7.125134623999941,0],[107.43828990200007,-7.125116878999961,0],[107.43824072500007,-7.125098007999952,0],[107.43805705100004,-7.125005844999976,0],[107.43802701900006,-7.124977179999973,0],[107.43801853200006,-7.124956898999926,0],[107.43801171500007,-7.124912694999978,0],[107.43801338400004,-7.124888773999942,0],[107.43804944700008,-7.124691301999974,0],[107.43805922800004,-7.124666518999959,0],[107.43818137800008,-7.124287673999959,0],[107.43821893500007,-7.124146389999964,0],[107.43826369300007,-7.124008654999955,0],[107.43827425100005,-7.123967946999926,0],[107.43828121800004,-7.123927257999981,0],[107.43828222500008,-7.123891383999933,0],[107.43827729800006,-7.123865105999926,0],[107.43826393600006,-7.123828110999966,0],[107.43824096600008,-7.123785188999932,0],[107.43814109900006,-7.123687672999949,0],[107.43803510800007,-7.123563884999953,0],[107.43801334200003,-7.123522151999964,0],[107.43800358300007,-7.123487529999977,0],[107.43799125900006,-7.12342063899996,0],[107.43796315400004,-7.123311982999951,0],[107.43794374900006,-7.123264259999928,0],[107.43789318600005,-7.123209526999972,0],[107.43786302200004,-7.123164250999935,0],[107.43783404200008,-7.123116577999951,0],[107.43780865900004,-7.12307008199997,0],[107.43774779300009,-7.122877903999949,0],[107.43773384300005,-7.12272971799996,0],[107.43774297600004,-7.122645973999965,0],[107.43775231800004,-7.122601685999939,0],[107.43777481400008,-7.122554937999951,0],[107.43779739200005,-7.122523731999934,0],[107.43802839100005,-7.122292949999974,0],[107.43823790000005,-7.122073041999954,0],[107.43879790100004,-7.121559938999951,0],[107.43884370100005,-7.121555546999957,0],[107.43906425900008,-7.121434570999952,0],[107.43916005100004,-7.121357518999957,0],[107.43923085500006,-7.12130118999994,0],[107.43924295600004,-7.121281519999968,0],[107.43940531400006,-7.121017618999929,0],[107.43942597000006,-7.120985227999938,0],[107.43964362000008,-7.120563279999942,0],[107.43975376800006,-7.120386699999926,0],[107.43997664500006,-7.120159785999931,0],[107.44014432200004,-7.12006390099998,0],[107.44017798100003,-7.12004578899996,0],[107.44055950700005,-7.119851887999971,0],[107.44058931000006,-7.119830011999966,0],[107.44075596700009,-7.119707675999962,0],[107.44097498100007,-7.119546906999972,0],[107.44103368500004,-7.119538720999969,0],[107.44107959500008,-7.11952843499995,0],[107.44113313000008,-7.11951141399993,0],[107.44118901400009,-7.119485770999972,0],[107.44121935000004,-7.119469712999944,0],[107.44125802900004,-7.119441805999941,0],[107.44126970000008,-7.119431836999979,0],[107.44128150200004,-7.119420223999953,0],[107.44130740900005,-7.119391056999973,0],[107.44133364600003,-7.119352197999945,0],[107.44146972400006,-7.119102727999973,0],[107.44148779000005,-7.119034632999956,0],[107.44168958100005,-7.118792209999981,0],[107.44181966600007,-7.118673871999931,0],[107.44189285900006,-7.118662007999944,0],[107.44196049600004,-7.118686041999979,0],[107.44209593000005,-7.118764238999972,0],[107.44226636000008,-7.118941250999967,0],[107.44240789600008,-7.119086849999974,0],[107.44245977900005,-7.119119575999946,0],[107.44254036600006,-7.119147845999976,0],[107.44261512500009,-7.119160363999981,0],[107.44268685100008,-7.119142767999961,0],[107.44272265300003,-7.119122491999974,0],[107.44274841600009,-7.119105138999942,0],[107.44277678600008,-7.11904130299996,0],[107.44282748700005,-7.118927239999948,0],[107.44283644000006,-7.118897335999975,0],[107.44285447200008,-7.118831715999931,0],[107.44289452800007,-7.11868594799995,0],[107.44292133800008,-7.118588381999928,0],[107.44296236400004,-7.118439083999931,0],[107.44296700900009,-7.118423960999962,0],[107.44298187100009,-7.11801861999993,0],[107.44298044600004,-7.118005865999976,0],[107.44298149700006,-7.117978360999928,0],[107.44298915700006,-7.117955602999928,0],[107.44299983500008,-7.117937611999935,0],[107.44300636700007,-7.117928011999936,0],[107.44302127900005,-7.117918368999938,0],[107.44307076500007,-7.117882835999978,0],[107.44313463400005,-7.117850813999951,0],[107.44321044800006,-7.117813946999945,0],[107.44327676800003,-7.11779267299994,0],[107.44330666900004,-7.117788329999939,0],[107.44332279600007,-7.117782266999939,0],[107.44398414100004,-7.117526806999933,0],[107.44405086800003,-7.11750103199995,0],[107.44409150100006,-7.11748886099997,0],[107.44410642200006,-7.117481010999938,0],[107.44412490500008,-7.117467760999943,0],[107.44414274800005,-7.117446742999959,0],[107.44416572800009,-7.117378469999949,0],[107.44417506000008,-7.117332388999955,0],[107.44411819700008,-7.117106444999934,0],[107.44410334400004,-7.117039538999961,0],[107.44409465400008,-7.11700039699997,0],[107.44409068700008,-7.116946490999965,0],[107.44408536700007,-7.116874185999961,0],[107.44410672200007,-7.116838203999976,0],[107.44415961600004,-7.116790576999961,0],[107.44421257100004,-7.116754427999979,0],[107.44428347200005,-7.116726267999979,0],[107.44441711700006,-7.116722737999964,0],[107.44446232600006,-7.116721543999972,0],[107.44463014200005,-7.116676179999956,0],[107.44482205600008,-7.116570427999932,0],[107.44501395800006,-7.116429404999963,0],[107.44510182800008,-7.116364832999977,0],[107.44519356600006,-7.116266549999978,0],[107.44520309200004,-7.116245827999933,0],[107.44521325300008,-7.116212208999968,0],[107.44522129800004,-7.116187984999954,0],[107.44523131200003,-7.116150230999949,0],[107.44523328300005,-7.11613669999997,0],[107.44524359500008,-7.116108835999967,0],[107.44525271100008,-7.116093449999937,0],[107.44530538800007,-7.116023740999935,0],[107.44551164300009,-7.11581552399997,0],[107.44555226000006,-7.11577839399996,0],[107.44582431100008,-7.115549490999967,0],[107.44586589600004,-7.11552200899996,0],[107.44608337000005,-7.11541299299995,0],[107.44610384600009,-7.115405088999978,0],[107.44623062900007,-7.115373621999936,0],[107.44625853400004,-7.115369532999978,0],[107.44627165800006,-7.115369272999942,0],[107.44630557500005,-7.115371866999965,0],[107.44649665600008,-7.115398102999961,0],[107.44650356100004,-7.115398428999981,0],[107.44656282100004,-7.115417149999928,0],[107.44658257400005,-7.115417643999933,0],[107.44660470400004,-7.115415135999967,0],[107.44662258200009,-7.11540069299997,0],[107.44663506500007,-7.115384485999925,0],[107.44664272400007,-7.115361728999972,0],[107.44673063900007,-7.115123929999982,0],[107.44680480800008,-7.114917959999957,0],[107.44680718500007,-7.114912561999972,0],[107.44683690800008,-7.114826712999957,0],[107.44685772600008,-7.114776255999971,0],[107.44687507400005,-7.114745622999976,0],[107.44690114000008,-7.114714628999934,0],[107.44693484000004,-7.11469421399994,0],[107.44701541500007,-7.114652538999962,0],[107.44705186400006,-7.114641584999958,0],[107.44709675200005,-7.114641945999949,0],[107.44719200200007,-7.114667914999927,0],[107.44722302000008,-7.114685240999961,0],[107.44726830000008,-7.114718790999973,0],[107.44731052300006,-7.114775921999978,0],[107.44734006700008,-7.114817015999961,0],[107.44735755200008,-7.11484143399997,0],[107.44737741300008,-7.114862251999966,0],[107.44743922600009,-7.114894207999953,0],[107.44753498700004,-7.114951089999977,0],[107.44759403300009,-7.114980189999926,0],[107.44761573100004,-7.114986284999929,0],[107.44764380200007,-7.114986982999937,0],[107.44765336500006,-7.114984540999956,0],[107.44765933700006,-7.114982118999933,0],[107.44769503600008,-7.114942473999974,0],[107.44772233400005,-7.114898688999972,0],[107.44774013900008,-7.11487049699997,0],[107.44774540800006,-7.114848349999932,0],[107.44774710800004,-7.114830405999953,0],[107.44774937100004,-7.11479281499993,0],[107.44774556600004,-7.114760835999959,0],[107.44774111500004,-7.114739614999962,0],[107.44773862000005,-7.114732819999972,0],[107.44768019400004,-7.114549478999947,0],[107.44763015300003,-7.11438353799997,0],[107.44762674600008,-7.114345404999938,0],[107.44763701700003,-7.114318448999938,0],[107.44771922400008,-7.114241015999937,0],[107.44778619200008,-7.114229183999953,0],[107.44785904700007,-7.11424410199993,0],[107.44807196700003,-7.114308018999964,0],[107.44819271000006,-7.114324597999939,0],[107.44828270900007,-7.114322207999976,0],[107.44836878700005,-7.114302622999958,0],[107.44849111000008,-7.114256062999971,0],[107.44861915800004,-7.114205647999938,0],[107.44868985400007,-7.11417466499995,0],[107.44876059100005,-7.114151334999974,0],[107.44880647200006,-7.114135787999942,0],[107.44916654100007,-7.114118024999925,0],[107.44918693700004,-7.114122176999956,0],[107.44924730800005,-7.114130465999949,0],[107.44929135500007,-7.114130232999969,0],[107.44937651600009,-7.114118303999931,0],[107.44943575700006,-7.114094077999937,0],[107.44946532000006,-7.114070964999939,0],[107.44947667300005,-7.114045078999936,0],[107.44948325400009,-7.114022087999956,0],[107.44951077800005,-7.11395701999993,0],[107.44952776000008,-7.113909104999948,0],[107.44953135700007,-7.113865086999965,0],[107.44953779100007,-7.113814357999956,0],[107.44956507300009,-7.113722388999975,0],[107.44961441300006,-7.113636997999947,0],[107.44969162500007,-7.113570590999927,0],[107.44981645400009,-7.113455148999947,0],[107.44991652400006,-7.113373518999936,0],[107.45056457000004,-7.113823758999956,0],[107.45081374200004,-7.114033051999968,0],[107.45085046800006,-7.114170049999927,0],[107.45081940200004,-7.114056824999977,0],[107.45088512600006,-7.114332863999948,0],[107.45088512600006,-7.114522294999972,0],[107.45088512600006,-7.11468978399995,0],[107.45072808100008,-7.115060979999953,0],[107.450361,-7.115503,0],[107.45034479900005,-7.115584441999943,0],[107.45018495800008,-7.116421485999979,0],[107.45016998200003,-7.116573855999945,0],[107.45014205900009,-7.116857958999958,0],[107.45012462000005,-7.117035388999966,0],[107.45015880100004,-7.117106879999938,0],[107.45029418700005,-7.117356367999946,0],[107.45063676800004,-7.117820399999971,0],[107.45066052200008,-7.117852574999972,0],[107.45082558600006,-7.118030054999963,0],[107.45101957300005,-7.118245207999962,0],[107.451417,-7.118686,0],[107.45153396800004,-7.118899422999959,0],[107.45156363900009,-7.118953561999945,0],[107.45167049100007,-7.119148526999936,0],[107.45168486000006,-7.119176534999951,0],[107.45165629600007,-7.119490740999936,0],[107.451649,-7.119571,0],[107.45160261400008,-7.119679084999973,0],[107.45153209500006,-7.119843400999969,0],[107.45151384200005,-7.119885931999931,0],[107.45147545300006,-7.11997538199995,0],[107.45140458200007,-7.120111343999952,0],[107.45125202900005,-7.120375971999977,0],[107.45116326200008,-7.120641122999928,0],[107.45139476600008,-7.120883470999956,0],[107.45139150100005,-7.120979261999935,0],[107.45138624100008,-7.121133524999948,0],[107.45137531000006,-7.121454136999944,0],[107.45137474700005,-7.121470656999975,0],[107.45136083600005,-7.121878718999938,0],[107.45130040900005,-7.122284990999958,0],[107.45123205300007,-7.122542601999953,0],[107.45124888100008,-7.122787341999981,0],[107.45149003200004,-7.12295592299995,0],[107.45153890000006,-7.122990084999969,0],[107.45162419700006,-7.123124122999968,0],[107.45163431400005,-7.123142082999948,0],[107.45162946500005,-7.123212979999948,0],[107.45161452300005,-7.12343141499997,0],[107.45150820700007,-7.123703374999934,0],[107.45147951900009,-7.123865940999963,0],[107.45146667600005,-7.123944621999954,0],[107.45162281000006,-7.124072368999975,0],[107.45174467700008,-7.12417392499998,0],[107.45187979200006,-7.124286520999931,0],[107.45196087000005,-7.124448676999975,0],[107.45199243300004,-7.124530471999947,0],[107.45200197600008,-7.12458401899994,0],[107.45205391200005,-7.124875458999952,0],[107.45202093700004,-7.12498022099993,0],[107.45168875100006,-7.126035543999933,0],[107.45168242100004,-7.126055651999934,0],[107.45165282600004,-7.126734862999967,0],[107.45165228100007,-7.126747381999962,0],[107.45165168800008,-7.126760978999926,0],[107.45131636900004,-7.127039499999967,0],[107.45122782600004,-7.127116498999953,0],[107.45118350300004,-7.127197260999935,0],[107.45117389300009,-7.127220928999975,0],[107.45115561000006,-7.127265532999957,0],[107.45115040000007,-7.127334435999956,0],[107.45114658700004,-7.127381712999977,0],[107.45116531300005,-7.127464495999959,0],[107.45118291700004,-7.127542322999943,0],[107.451222,-7.127785,0],[107.451197,-7.12796,0],[107.45118282300007,-7.12799969699995,0],[107.45114152700006,-7.128113971999937,0],[107.45100265700006,-7.128423946999931,0],[107.45092257900006,-7.12865263499998,0],[107.45092241300006,-7.128653106999934,0],[107.45088199900005,-7.128768,0],[107.45087421700003,-7.128780763999941,0],[107.45085679300007,-7.128808928999945,0],[107.45083721200007,-7.12883868199998,0],[107.450783,-7.12892,0],[107.45077129800006,-7.12893722299998,0],[107.45069626500003,-7.129047648999972,0],[107.45067686000004,-7.129075975999967,0],[107.45067373900008,-7.129086866999955,0],[107.45065849200006,-7.12914006699998,0],[107.45064503200007,-7.12918665899997,0],[107.45057807400008,-7.129742827999962,0],[107.45051630600005,-7.129878427999927,0],[107.45037965500006,-7.130178418999947,0],[107.45032438700008,-7.130299751999928,0],[107.45031258700004,-7.130375740999966,0],[107.45025327200005,-7.130757718999973,0],[107.45023384600006,-7.130830733999971,0],[107.45021799900007,-7.13089,0],[107.450217,-7.130899000999932,0],[107.45023250200006,-7.131015262999938,0],[107.450241,-7.131079,0],[107.450273,-7.131291,0],[107.45027410100005,-7.131292315999929,0],[107.45036,-7.131395,0],[107.45036143900006,-7.131396963999975,0],[107.45038930500004,-7.131435017999934,0],[107.45038933200004,-7.13143505499994,0],[107.450453,-7.131522,0],[107.45045347600006,-7.131531042999939,0],[107.45045798600006,-7.131616737999934,0],[107.45045983300008,-7.131655550999938,0],[107.45044761200006,-7.131696225999974,0],[107.450396,-7.131868,0],[107.45036760600004,-7.131899261999934,0],[107.450297,-7.131977,0],[107.45023237100008,-7.132021602999941,0],[107.45012618700008,-7.132094885999948,0],[107.450084,-7.132124000999966,0],[107.44996192600007,-7.132228262999945,0],[107.449803,-7.132364,0],[107.44977236300008,-7.132438516999969,0],[107.44957173900008,-7.132750877999968,0],[107.44961300600005,-7.13299514299996,0],[107.44975118200006,-7.133813023999949,0],[107.45028237800005,-7.134771823999927,0],[107.45037552500008,-7.134936620999952,0],[107.450391,-7.134964,0],[107.45056200200008,-7.135288,0],[107.45069694400007,-7.135584875999939,0],[107.450722,-7.135639998999977,0],[107.450772,-7.135806,0],[107.45083136400007,-7.135997558999975,0],[107.450869,-7.13611900099994,0],[107.45087362100008,-7.136140255999976,0],[107.450874,-7.136142000999939,0],[107.45087404100008,-7.136142115999974,0],[107.451067,-7.136737,0],[107.451093,-7.136788000999957,0],[107.451078,-7.136926000999949,0],[107.45106181900007,-7.137014749999935,0],[107.451045,-7.137107,0],[107.45100824000008,-7.137178634999941,0],[107.451006,-7.137183,0],[107.45100747000004,-7.137262421999935,0],[107.45100887600006,-7.137338314999965,0],[107.45104291100006,-7.137429079999947,0],[107.45114214200004,-7.137693712999976,0],[107.45117789800008,-7.137747347999948,0],[107.45178368900008,-7.138368545999981,0],[107.451851,-7.138435,0],[107.45198262400004,-7.13856975799996,0],[107.45205219500008,-7.138640984999938,0],[107.45214808300005,-7.13874220699995,0],[107.45234237400007,-7.13894143899995,0],[107.45328869600007,-7.140193521999947,0]]]]}},{"type":"Feature","properties":{"OBJECTID":30,"NAMOBJ":"Mekarsari","SRS_ID":"SRGI 2013","KDEPUM":"32.04.38.2007","KDPKAB":"32.04","KDPPUM":"32","TIPADM":2,"WADMKC":"Pasirjambu","WADMKD":"Mekarsari","WADMKK":"Bandung","WADMPR":"Jawa Barat","WIADKD":"Mekarsari","WIADKC":"Pasirjambu","WIADKK":"Bandung","WIADPR":"Jawa Barat","SHAPE_Leng":0.23483672541,"SHAPE_Area":0.0017727322,"LUASHA":2165.55261388},"geometry":{"type":"MultiPolygon","coordinates":[[[[107.51508978400005,-7.113371174999941,0],[107.51589256000005,-7.113509971999974,0],[107.51713908700003,-7.113798393999957,0],[107.51711626000008,-7.114527560999932,0],[107.51692618500005,-7.11549270699993,0],[107.51670470600004,-7.117020421999939,0],[107.51675711200005,-7.118202322999934,0],[107.51683882200007,-7.120543292999969,0],[107.51698935200005,-7.12286093299997,0],[107.51710989200006,-7.123893253999938,0],[107.51789699200003,-7.124944897999967,0],[107.51846107900008,-7.125136942999973,0],[107.51966793000008,-7.125199228999975,0],[107.52058740000007,-7.125240124999948,0],[107.52236009500007,-7.125815804999945,0],[107.52352544500008,-7.12669320699996,0],[107.52418969000007,-7.128388241999971,0],[107.52455186100008,-7.12947662199997,0],[107.52515824800008,-7.130257215999961,0],[107.52569427700007,-7.130569914999967,0],[107.52651561500005,-7.130995718999941,0],[107.52684727800005,-7.131524867999929,0],[107.52680627400008,-7.132778045999942,0],[107.52645070300008,-7.134291187999963,0],[107.52596097100007,-7.135785934999944,0],[107.52525921400007,-7.137033165999981,0],[107.52429081000008,-7.138549662999935,0],[107.52345845200006,-7.140428868999948,0],[107.52304888000003,-7.142573569999968,0],[107.52229931000005,-7.145580941999981,0],[107.52225130200009,-7.14730282499994,0],[107.52164591300004,-7.148664305999944,0],[107.52113386400003,-7.149585306999938,0],[107.52077450000007,-7.150409826999976,0],[107.52139773900007,-7.152300197999978,0],[107.52144318300009,-7.153600728999947,0],[107.52110822300006,-7.155381571999953,0],[107.52059764000006,-7.156570374999944,0],[107.51938505000004,-7.158481870999935,0],[107.51938399400007,-7.158482713999945,0],[107.51707475300009,-7.160326862999966,0],[107.51450560300009,-7.163325072999953,0],[107.51429024400005,-7.16437753799994,0],[107.51283516400008,-7.162704081999948,0],[107.50972629200004,-7.164826566999977,0],[107.50920438700007,-7.16507808199998,0],[107.50856215900006,-7.165137643999969,0],[107.50815114600005,-7.165012058999935,0],[107.50649922800005,-7.16411627399998,0],[107.506255,-7.164066,0],[107.50549328400007,-7.164476824999952,0],[107.50494427100006,-7.164964899999973,0],[107.50269,-7.165868,0],[107.50095139400008,-7.16709334799998,0],[107.500048,-7.168552,0],[107.49929283800009,-7.169142832999967,0],[107.49080855400007,-7.175502451999932,0],[107.48966763000004,-7.176555281999981,0],[107.48883128300008,-7.177314303999935,0],[107.48713505400008,-7.177695298999936,0],[107.48576588500003,-7.178002826999943,0],[107.48561907000004,-7.178089128999943,0],[107.48536171900008,-7.178240405999929,0],[107.48530057200009,-7.178276349999976,0],[107.48514754300004,-7.178516005999938,0],[107.48513306900009,-7.178538673999981,0],[107.48314374600005,-7.176250291999963,0],[107.48073576900003,-7.176227358999938,0],[107.47724753600005,-7.175871266999934,0],[107.47543676300006,-7.174094111999977,0],[107.47422584100008,-7.173197124999945,0],[107.47372164100005,-7.170751496999969,0],[107.47419815500007,-7.170325426999966,0],[107.47408043100006,-7.169316323999965,0],[107.47376088500005,-7.168486608999956,0],[107.47300414000006,-7.168131890999973,0],[107.47286389400006,-7.168066151999938,0],[107.47150721500009,-7.167185982999968,0],[107.47062705500008,-7.166075961999979,0],[107.47114843700007,-7.165352759999962,0],[107.47143434900005,-7.164169853999965,0],[107.47194449700004,-7.163071053999943,0],[107.47256117200004,-7.162129215999926,0],[107.47235973200009,-7.160153090999927,0],[107.47296934900004,-7.159734549999939,0],[107.47304213400008,-7.158551704999979,0],[107.47335150000004,-7.158210490999977,0],[107.47348797400008,-7.157773749999933,0],[107.47407029300007,-7.15743710299995,0],[107.47416583300009,-7.156763784999953,0],[107.47483458300007,-7.156399835999935,0],[107.47437965400007,-7.155967643999929,0],[107.47447973400006,-7.155121432999977,0],[107.47427956600006,-7.154748392999977,0],[107.47480274500003,-7.154748392999977,0],[107.47548059800005,-7.154457223999941,0],[107.47538051700008,-7.153888549999976,0],[107.47520964500006,-7.153569773999948,0],[107.47516809100006,-7.153008857999964,0],[107.47526780100009,-7.152767881999978,0],[107.47448254200003,-7.152294207999944,0],[107.47383853400004,-7.152310833999934,0],[107.47344797500006,-7.152240197999959,0],[107.47354353800006,-7.151704216999974,0],[107.47370141600004,-7.151226403999942,0],[107.47413353000007,-7.151118383999972,0],[107.47448668700008,-7.150831687999926,0],[107.47435373800005,-7.149182184999972,0],[107.47402134600009,-7.148646209999981,0],[107.47367649300008,-7.148147607999931,0],[107.47378036100008,-7.147769516999972,0],[107.47360072100008,-7.146406985999931,0],[107.47527331500004,-7.145744021999974,0],[107.47699352800004,-7.145392693999952,0],[107.47745170500008,-7.145581036999943,0],[107.47824904600009,-7.145638401999975,0],[107.47978407300008,-7.146622605999937,0],[107.48077045800005,-7.147682078999935,0],[107.48164697500005,-7.149054181999929,0],[107.48342216700007,-7.150221443999953,0],[107.48524673000009,-7.150901351999948,0],[107.48597045900004,-7.150928741999962,0],[107.48638666100004,-7.15012573599995,0],[107.48784753500007,-7.148519349999958,0],[107.48937118100008,-7.147542344999977,0],[107.49019226500008,-7.147161488999927,0],[107.49123068500006,-7.146287472999973,0],[107.49230876600006,-7.145827400999963,0],[107.49239147700007,-7.144654809999963,0],[107.49219232300004,-7.143039398999974,0],[107.49240760600009,-7.141975843999944,0],[107.49435523600005,-7.140722997999944,0],[107.49448382100007,-7.140142194999953,0],[107.49363680400006,-7.138383884999939,0],[107.49362062800009,-7.137411829999962,0],[107.49490523000009,-7.137144115999945,0],[107.49587497000005,-7.136622779999925,0],[107.49650997800006,-7.135851698999943,0],[107.49713451800005,-7.135854864999942,0],[107.49774729800004,-7.13618482399994,0],[107.49835025700008,-7.135686058999966,0],[107.49907089100009,-7.135758505999945,0],[107.50113203600006,-7.134605166999961,0],[107.50129134900004,-7.133896652999965,0],[107.50158118300004,-7.133171926999978,0],[107.50280776000005,-7.132805231999953,0],[107.50308358100006,-7.132600630999946,0],[107.50371717700006,-7.132645582999942,0],[107.50359320500007,-7.132002700999976,0],[107.50365294000005,-7.131650646999958,0],[107.50387109400003,-7.131595116999961,0],[107.50440760600009,-7.131135405999942,0],[107.50447038600004,-7.130471909999926,0],[107.50473979800006,-7.129942129999961,0],[107.50495464100004,-7.129646992999938,0],[107.50523945200007,-7.128866760999927,0],[107.50516803000005,-7.128564240999935,0],[107.50516059900008,-7.128543865999973,0],[107.50542468600008,-7.12820955799998,0],[107.50521813100005,-7.12816208299995,0],[107.50509045700005,-7.128006599999935,0],[107.50502329600005,-7.127751415999967,0],[107.50507223800008,-7.127562133999959,0],[107.50544474700007,-7.127587923999954,0],[107.50558611300005,-7.127506386999926,0],[107.50557576800009,-7.127301236999926,0],[107.50543826800003,-7.126971017999949,0],[107.50548302300007,-7.126641759999927,0],[107.50557245400006,-7.126395723999963,0],[107.50570861800009,-7.126128408999932,0],[107.50592822400006,-7.125901757999941,0],[107.50609212200004,-7.125703086999977,0],[107.50613264400005,-7.125580151999941,0],[107.50609823800005,-7.125432633999935,0],[107.50580264500007,-7.125338,0],[107.50577024800003,-7.12532762799998,0],[107.50561498900004,-7.125220041999967,0],[107.50551775600007,-7.125047846999962,0],[107.50548395000004,-7.124809939999977,0],[107.50543296500007,-7.124703183999941,0],[107.50487346800008,-7.124452025999972,0],[107.50459187200005,-7.124260988999936,0],[107.50450184600004,-7.124147887999925,0],[107.50448571100009,-7.124069832999965,0],[107.50451135800006,-7.123993926999958,0],[107.50465327700005,-7.12389475599997,0],[107.50482940200004,-7.123392489999958,0],[107.50475320200007,-7.123248377999971,0],[107.50469101300007,-7.123199026999941,0],[107.50444194000005,-7.123146031999966,0],[107.50392160800004,-7.123282307999943,0],[107.50385966600004,-7.123270800999933,0],[107.50380023100007,-7.123244280999927,0],[107.50378961200005,-7.123191731999952,0],[107.50383246600006,-7.123112330999959,0],[107.50390315700008,-7.123058593999929,0],[107.50405652600006,-7.122954335999964,0],[107.50406948400007,-7.12279407099993,0],[107.50405514400006,-7.122641905999956,0],[107.50392642400004,-7.122572872999967,0],[107.50380518000009,-7.122507848999931,0],[107.50371876500009,-7.122512158999939,0],[107.50311328700008,-7.122743384999978,0],[107.50294451300005,-7.12273124799998,0],[107.50288800100009,-7.122663501999966,0],[107.50297753400008,-7.122267070999953,0],[107.50278841100004,-7.121707961999959,0],[107.50282660600004,-7.121588710999958,0],[107.50287219400008,-7.121542071999954,0],[107.50323879700005,-7.121493249999958,0],[107.50335865200009,-7.120565699999929,0],[107.50328460300005,-7.120334426999932,0],[107.50297908300007,-7.119925149999972,0],[107.50268008200004,-7.119576096999936,0],[107.50237326100006,-7.119544013999928,0],[107.50211945900008,-7.119663184999979,0],[107.50206079800006,-7.119661110999971,0],[107.50197424500004,-7.119592234999971,0],[107.50193544500007,-7.119500384999981,0],[107.50174436900005,-7.119230499999958,0],[107.50165656900003,-7.119060720999926,0],[107.50160126600008,-7.119015587999968,0],[107.50143841100004,-7.118988877999925,0],[107.50135847500007,-7.118829192999954,0],[107.50133403100006,-7.118736069999954,0],[107.50132745500008,-7.118699378999963,0],[107.50120668200009,-7.118587676999937,0],[107.50116190900007,-7.118558856999925,0],[107.50107572600007,-7.118558127999961,0],[107.50102185900005,-7.118557223999971,0],[107.50093674300007,-7.11853257599995,0],[107.50089953600008,-7.118513647999976,0],[107.50095157100009,-7.118397394999931,0],[107.50097408500005,-7.118355426999926,0],[107.50103859500007,-7.118332361999933,0],[107.50128533100008,-7.11836330899996,0],[107.50138940300008,-7.118351985999936,0],[107.50147086300007,-7.118364696999947,0],[107.50156911200008,-7.118383294999944,0],[107.50168140000005,-7.11834203799998,0],[107.50170185600007,-7.118277481999939,0],[107.50163045000005,-7.118114687999935,0],[107.50160336100004,-7.118027434999931,0],[107.50150392800003,-7.117885325999964,0],[107.50137689300004,-7.117703767999956,0],[107.50105373000008,-7.117241900999943,0],[107.50097649200006,-7.117180407999967,0],[107.50085731500008,-7.116499489999967,0],[107.50088713800005,-7.116467893999925,0],[107.50139716800004,-7.116488266999966,0],[107.50142985000008,-7.116489571999978,0],[107.50172532600004,-7.11635933599996,0],[107.50184394800004,-7.116307050999978,0],[107.50209126500005,-7.116419112999949,0],[107.50211680000007,-7.116447410999967,0],[107.50219078700007,-7.116529402999959,0],[107.50227308800004,-7.116620609999927,0],[107.50234648500003,-7.116627591999929,0],[107.50245332200006,-7.116637754999942,0],[107.50246592200006,-7.116642380999963,0],[107.50287815800004,-7.116793721999954,0],[107.50313604100006,-7.116878762999931,0],[107.50319329200005,-7.116922366999972,0],[107.50352135700007,-7.117075452999927,0],[107.50370321200006,-7.117203593999932,0],[107.50388506800005,-7.117331734999937,0],[107.50389121400008,-7.11733606599995,0],[107.50439963300005,-7.11714517799993,0],[107.50488550100005,-7.117387680999968,0],[107.50530746300007,-7.117224110999928,0],[107.50569498800007,-7.116990510999926,0],[107.50570254400009,-7.116990028999965,0],[107.50596708600006,-7.11697314099996,0],[107.50619021600005,-7.117149665999932,0],[107.50625093800005,-7.117197704999967,0],[107.50668083200009,-7.117662726999981,0],[107.50668023100008,-7.117481882999925,0],[107.50674150500004,-7.117415321999943,0],[107.50700828200007,-7.116457029999935,0],[107.50711733700007,-7.11633390399993,0],[107.50730819700004,-7.116118415999949,0],[107.50790660100006,-7.116392710999946,0],[107.50796639800006,-7.11642011999993,0],[107.50836350700007,-7.116586211999959,0],[107.50853625700006,-7.116658463999954,0],[107.50854676000006,-7.116662856999938,0],[107.50863439700004,-7.116699510999979,0],[107.50891558500007,-7.116387240999927,0],[107.50958420900008,-7.115644704999966,0],[107.50961338200005,-7.115612305999946,0],[107.50984514100008,-7.115354927999931,0],[107.51043247900009,-7.11433630099998,0],[107.51074028800008,-7.113898332999952,0],[107.51084858100006,-7.113744245999953,0],[107.51198330200003,-7.114055812999936,0],[107.51228902700007,-7.114332815999944,0],[107.51251970100009,-7.114541817999964,0],[107.51286799500008,-7.115110884999979,0],[107.51327518600004,-7.115776180999944,0],[107.51346575500008,-7.115268132999972,0],[107.51438551600006,-7.113202672999932,0],[107.51508978400005,-7.113371174999941,0]]]]}},{"type":"Feature","properties":{"OBJECTID":34,"NAMOBJ":"Margamulya","SRS_ID":"SRGI 2013","KDEPUM":"32.04.38.2006","KDPKAB":"32.04","KDPPUM":"32","TIPADM":2,"WADMKC":"Pasirjambu","WADMKD":"Margamulya","WADMKK":"Bandung","WADMPR":"Jawa Barat","WIADKD":"Margamulya","WIADKC":"Pasirjambu","WIADKK":"Bandung","WIADPR":"Jawa Barat","SHAPE_Leng":0.10753446202,"SHAPE_Area":0.00037572233,"LUASHA":459.006104159},"geometry":{"type":"MultiPolygon","coordinates":[[[[107.46655540600005,-7.103708574999928,0],[107.46658167400005,-7.103718855999944,0],[107.46647488900004,-7.104379319999964,0],[107.46646777700005,-7.104429082999957,0],[107.46652985800006,-7.104538530999946,0],[107.46665802200005,-7.104640890999974,0],[107.46686225900004,-7.104783277999957,0],[107.46708336800003,-7.104947096999979,0],[107.46727356200006,-7.105149339999969,0],[107.46754335000008,-7.105463546999943,0],[107.46776009300004,-7.105706298999962,0],[107.46802051200007,-7.106058814999926,0],[107.46818449000006,-7.106282717999932,0],[107.46808712900008,-7.106389490999959,0],[107.46796824200004,-7.106572969999945,0],[107.46796110300005,-7.106708598999944,0],[107.46797894900004,-7.106797828999959,0],[107.46778264400007,-7.107279669999969,0],[107.46788972000007,-7.107347483999945,0],[107.46777907500007,-7.107604465999941,0],[107.46763630700008,-7.107622311999933,0],[107.46756492300005,-7.107732956999939,0],[107.46749710900008,-7.10788643199993,0],[107.46746141700004,-7.108104152999942,0],[107.46723298800003,-7.108157690999974,0],[107.46722228100003,-7.108357565999938,0],[107.46710092800004,-7.108607408999944,0],[107.46660481100008,-7.108975035999947,0],[107.46641220800007,-7.109269250999944,0],[107.46636567500008,-7.10933552399996,0],[107.46621599700006,-7.109734196999966,0],[107.46611226200008,-7.110106468999959,0],[107.46625146100007,-7.110174283999982,0],[107.46598240900005,-7.110690644999977,0],[107.46589811100006,-7.110852429999966,0],[107.46589454200006,-7.111020181999947,0],[107.46586598800008,-7.111198641999977,0],[107.46586955700008,-7.111319994999974,0],[107.46584814200008,-7.111377101999949,0],[107.46580531200004,-7.111444915999925,0],[107.46566254400005,-7.111498453999957,0],[107.46545910000003,-7.111544853999931,0],[107.46541983900005,-7.111559129999932,0],[107.46538057800007,-7.111598390999973,0],[107.46539128600006,-7.111648359999947,0],[107.46542697800004,-7.11168762099993,0],[107.46548408500007,-7.111730451999961,0],[107.46550193100006,-7.111751866999953,0],[107.46550193100006,-7.111783988999946,0],[107.46543411600004,-7.111891064999952,0],[107.46533774800008,-7.111887495999952,0],[107.46522353400007,-7.111833957999977,0],[107.46510931900008,-7.111748297999952,0],[107.46502722800005,-7.11171617499997,0],[107.46498082900007,-7.111730451999961,0],[107.46490506000004,-7.111794433999933,0],[107.46482021500009,-7.11186608099996,0],[107.46475240000007,-7.111898203999942,0],[107.46467744700004,-7.111898203999942,0],[107.46460606300008,-7.111894633999952,0],[107.46455609500003,-7.111908910999944,0],[107.46447400300008,-7.111962448999975,0],[107.46435978900007,-7.112058816999934,0],[107.46432052800009,-7.112115923999966,0],[107.46427055900006,-7.112151615999949,0],[107.46416348400004,-7.112173030999941,0],[107.46409923800007,-7.112173030999941,0],[107.46403856200004,-7.112190876999932,0],[107.46391459500006,-7.112256655999943,0],[107.46386367200006,-7.112283675999947,0],[107.46372090400007,-7.11234435199998,0],[107.46359955100007,-7.112472842999978,0],[107.46359241300007,-7.11249782799996,0],[107.46360669000006,-7.112529949999953,0],[107.46364595100005,-7.112544226999944,0],[107.46374588800006,-7.112551365999934,0],[107.46384225600008,-7.112533519999943,0],[107.46389936400004,-7.112554934999935,0],[107.46392434800003,-7.112587057999974,0],[107.46396717800008,-7.112640594999959,0],[107.46402071600005,-7.112694132999934,0],[107.46408139200008,-7.112736963999964,0],[107.46418489900009,-7.112786931999949,0],[107.46423129800007,-7.11279763999994,0],[107.46425271400005,-7.112822623999932,0],[107.46425985200005,-7.112851177999971,0],[107.46425985200005,-7.11287587399994,0],[107.46425985200005,-7.112879730999964,0],[107.46424200600006,-7.112926130999938,0],[107.46420988300008,-7.11298680699997,0],[107.46411351500007,-7.113111728999968,0],[107.46410207600007,-7.113131451999948,0],[107.46401000800006,-7.113290187999951,0],[107.46394576300008,-7.113479354999981,0],[107.46394584500007,-7.113481404999959,0],[107.46394933200008,-7.113568584999939,0],[107.46400287000006,-7.113657814999954,0],[107.46404927000003,-7.113718490999929,0],[107.46408853100007,-7.113782736999951,0],[107.46410637700006,-7.113871965999977,0],[107.46410637700006,-7.113926517999971,0],[107.46410637700006,-7.113943349999943,0],[107.46406711600008,-7.113996887999974,0],[107.46400643900006,-7.114043287999948,0],[107.46393862500008,-7.11406827199994,0],[107.46388151800005,-7.114086117999932,0],[107.46381727200009,-7.114132516999973,0],[107.46377444200004,-7.114189624999938,0],[107.46372447300007,-7.114271715999962,0],[107.46372090400007,-7.114414483999951,0],[107.46367807400009,-7.114532266999959,0],[107.46360499900004,-7.114638098999933,0],[107.46357456700008,-7.114682172999949,0],[107.46336755400006,-7.114960569999937,0],[107.46332829300007,-7.11502481499997,0],[107.46332803600006,-7.115027644999941,0],[107.46332115500007,-7.115103337999926,0],[107.46332472400007,-7.115167582999959,0],[107.46339253800005,-7.115313919999949,0],[107.46343893800008,-7.115388872999972,0],[107.46344607600008,-7.115467394999939,0],[107.46344250700008,-7.115524501999971,0],[107.46343536900008,-7.115567331999955,0],[107.46336398500006,-7.11562086999993,0],[107.46329346800007,-7.115656128999944,0],[107.46324800500008,-7.115678859999946,0],[107.46322121700007,-7.115692253999953,0],[107.46313912600004,-7.115710099999944,0],[107.46311414100006,-7.115738653999927,0],[107.46315112600007,-7.115889434999929,0],[107.46316054100004,-7.115927820999957,0],[107.46319266400008,-7.116024188999972,0],[107.46319266400008,-7.116077726999947,0],[107.46318195600008,-7.116124125999931,0],[107.46313555700004,-7.11614911099997,0],[107.46301420400005,-7.116159817999971,0],[107.46292497400009,-7.116191940999954,0],[107.46287143600006,-7.116238339999938,0],[107.46282146800007,-7.116320431999952,0],[107.46278029100006,-7.116356460999953,0],[107.46276436100004,-7.116370400999926,0],[107.46267513100008,-7.116416799999968,0],[107.46262873100005,-7.116431076999959,0],[107.46254664000008,-7.116470337999942,0],[107.46240030300004,-7.116677350999964,0],[107.46233605800006,-7.116770149999979,0],[107.46225753500005,-7.116845102999946,0],[107.46221470500006,-7.116873656999928,0],[107.46216116700003,-7.11689150199993,0],[107.46209692200006,-7.116895071999977,0],[107.46201483000004,-7.11689150199993,0],[107.46191489300008,-7.116877225999929,0],[107.46180781700008,-7.116877225999929,0],[107.46174714100005,-7.11688436399993,0],[107.46174180700007,-7.116889697999966,0],[107.46172215700005,-7.116909347999979,0],[107.46169360300007,-7.116959316999953,0],[107.46165434200009,-7.117019992999928,0],[107.46154726600008,-7.117027131999976,0],[107.46150443600004,-7.117016423999928,0],[107.46143305200007,-7.117027131999976,0],[107.46137237600004,-7.117055684999968,0],[107.46125459300004,-7.117155622999974,0],[107.46119748600006,-7.117259128999933,0],[107.46112967100004,-7.117384050999931,0],[107.46103330300008,-7.11751967999993,0],[107.46085484300005,-7.117673154999977,0],[107.46061570700004,-7.117826630999957,0],[107.46046580100005,-7.117944413999965,0],[107.46024808100009,-7.117944413999965,0],[107.46014814300008,-7.117890875999933,0],[107.46005177500007,-7.117987243999949,0],[107.46000537600008,-7.118233517999954,0],[107.45970913300005,-7.118301332999977,0],[107.45948070400004,-7.118329886999959,0],[107.45943364200008,-7.118355059999942,0],[107.45932722900005,-7.118411977999926,0],[107.45928725200008,-7.118527809999932,0],[107.45918803100005,-7.118815296999969,0],[107.45900243300008,-7.118911664999928,0],[107.45878471200007,-7.119211476999965,0],[107.45875615900007,-7.11941492099993,0],[107.45873117400004,-7.119800393999981,0],[107.45877400500007,-7.119968145999962,0],[107.45888108000008,-7.120185865999929,0],[107.45907381700005,-7.120517800999949,0],[107.45911990500008,-7.120556482999973,0],[107.45927369100008,-7.12068555299993,0],[107.45937644300005,-7.120833751999953,0],[107.45945928900005,-7.120953241999928,0],[107.45953665400003,-7.121046612999976,0],[107.45956279600006,-7.121078163999925,0],[107.45964131800008,-7.121117424999966,0],[107.45966273300007,-7.121217362999971,0],[107.45979479300007,-7.121238777999963,0],[107.45979836300006,-7.12134942299997,0],[107.45985190000005,-7.121377975999962,0],[107.46001608300008,-7.121402960999944,0],[107.46014814300008,-7.121467205999977,0],[107.46025878800003,-7.121524312999952,0],[107.46044081700006,-7.121627819999958,0],[107.46059786100005,-7.121734894999975,0],[107.46069990200004,-7.121796544999938,0],[107.46076918300008,-7.12183840199998,0],[107.46087982800009,-7.12197759999998,0],[107.46109397900005,-7.12213821399996,0],[107.46122603900005,-7.122316673999933,0],[107.46118919200006,-7.12244037499994,0],[107.46117607000008,-7.122484425999971,0],[107.46117478400004,-7.122487245999935,0],[107.46108327100006,-7.122687868999947,0],[107.46107256400006,-7.122787806999952,0],[107.46107970200006,-7.12290915899996,0],[107.46116893200008,-7.123169709999956,0],[107.46125459300004,-7.123287493999953,0],[107.46132597600007,-7.123376722999978,0],[107.46141163700008,-7.123458814999935,0],[107.46149506100005,-7.123502422999934,0],[107.46156868200006,-7.12354090599996,0],[107.46172215700005,-7.123676535999948,0],[107.46187563200004,-7.12384071799994,0],[107.46188990900004,-7.123894255999971,0],[107.46182566300007,-7.124051300999952,0],[107.46167575700008,-7.124222621999934,0],[107.46161865000005,-7.124418926999965,0],[107.46156868200006,-7.124629509999977,0],[107.46156511200007,-7.124743723999927,0],[107.46161151200005,-7.124818676999951,0],[107.46171858800005,-7.124979289999942,0],[107.46179711000008,-7.125068519999957,0],[107.46188634000004,-7.125157749999971,0],[107.46194701600007,-7.125221994999947,0],[107.46192917000008,-7.12530051799996,0],[107.46187563200004,-7.125453992999951,0],[107.46183790200007,-7.125592337999933,0],[107.46181138700007,-7.125689559999955,0],[107.46175784900004,-7.125975094999944,0],[107.46176141800004,-7.126035770999977,0],[107.46177212500004,-7.126157123999974,0],[107.46176141800004,-7.126317736999965,0],[107.46180781700008,-7.126610410999945,0],[107.46184350900006,-7.126870961999941,0],[107.46183994000006,-7.127088682999954,0],[107.46181138700007,-7.127320679999968,0],[107.46177926400009,-7.127442032999966,0],[107.46171858800005,-7.127577661999965,0],[107.46167536500008,-7.12763817299998,0],[107.46162935800004,-7.127702583999962,0],[107.46152942000003,-7.127838212999961,0],[107.46153218900008,-7.127899128999957,0],[107.46153299000008,-7.127916734999928,0],[107.46156511200007,-7.128009533999943,0],[107.46164006500004,-7.128113040999949,0],[107.46167575700008,-7.128216546999965,0],[107.46167932600008,-7.128412852999929,0],[107.46169360300007,-7.128523497999936,0],[107.46173286400006,-7.128630572999953,0],[107.46178283300009,-7.128826878999973,0],[107.46175427900005,-7.12893752399998,0],[107.46170431100006,-7.129023183999948,0],[107.46165434200009,-7.129108844999962,0],[107.46158295800006,-7.129212351999968,0],[107.46154012800008,-7.129315857999927,0],[107.46153299000008,-7.129394379999951,0],[107.46154726600008,-7.129551424999931,0],[107.46155797400007,-7.129608531999963,0],[107.46162578900004,-7.129644223999946,0],[107.46169717200007,-7.129654930999948,0],[107.46171144900006,-7.129726314999971,0],[107.46168646500007,-7.129786990999946,0],[107.46154726600008,-7.129976158999966,0],[107.46153299000008,-7.130051111999933,0],[107.46152942000003,-7.130115356999966,0],[107.46134382200006,-7.130233139999973,0],[107.46127600800008,-7.130293816999938,0],[107.46140093000008,-7.130468706999977,0],[107.46133668400006,-7.130575782999927,0],[107.46125102300005,-7.130657873999951,0],[107.46126886900004,-7.130761380999957,0],[107.46126963200004,-7.130769958999963,0],[107.46127983600007,-7.130884751999929,0],[107.46128314600008,-7.130921993999948,0],[107.46126886900004,-7.130936270999939,0],[107.46117250100008,-7.130964824999978,0],[107.46103330300008,-7.130971962999979,0],[107.46096191900006,-7.130989808999971,0],[107.46092265800007,-7.131036207999955,0],[107.46089767400008,-7.131096884999977,0],[107.46087982800009,-7.13127891299996,0],[107.46087031000008,-7.131474028999946,0],[107.46087031000008,-7.13161084799998,0],[107.46088220700005,-7.131765512999948,0],[107.46091789900004,-7.131896383999958,0],[107.46100712900005,-7.132068893999929,0],[107.46114394800009,-7.132247353999958,0],[107.46132835600008,-7.13242581399993,0],[107.46138784200008,-7.132532888999947,0],[107.46139855000007,-7.132770834999974,0],[107.46144138000005,-7.133077785999944,0],[107.46146465200007,-7.133206836999932,0],[107.46148064100004,-7.133295506999957,0],[107.46150919500008,-7.133463258999939,0],[107.46164482400008,-7.133766639999976,0],[107.46172691600009,-7.133923683999967,0],[107.46182685300005,-7.134070020999957,0],[107.46187682200008,-7.134159250999971,0],[107.46190180600007,-7.134244911999929,0],[107.46190180600007,-7.134330571999953,0],[107.46186968300009,-7.134401955999977,0],[107.46183042200005,-7.134469770999942,0],[107.46166267000007,-7.135019425999928,0],[107.46217068100009,-7.135211870999967,0],[107.46216091200006,-7.135725417999936,0],[107.46210379300004,-7.136227453999936,0],[107.46191841500007,-7.136689170999944,0],[107.46186179800009,-7.136781739999947,0],[107.46178292100007,-7.136910703999945,0],[107.46162137100004,-7.137343603999966,0],[107.45912078900005,-7.138177017999965,0],[107.45328869600007,-7.140193521999947,0],[107.45234237400007,-7.13894143899995,0],[107.45214808300005,-7.13874220699995,0],[107.45205219500008,-7.138640984999938,0],[107.45198262400004,-7.13856975799996,0],[107.451851,-7.138435,0],[107.45178368900008,-7.138368545999981,0],[107.45117789800008,-7.137747347999948,0],[107.45114214200004,-7.137693712999976,0],[107.45104291100006,-7.137429079999947,0],[107.45100887600006,-7.137338314999965,0],[107.45100747000004,-7.137262421999935,0],[107.451006,-7.137183,0],[107.45100824000008,-7.137178634999941,0],[107.451045,-7.137107,0],[107.45106181900007,-7.137014749999935,0],[107.451078,-7.136926000999949,0],[107.451093,-7.136788000999957,0],[107.451067,-7.136737,0],[107.45087404100008,-7.136142115999974,0],[107.450874,-7.136142000999939,0],[107.45087362100008,-7.136140255999976,0],[107.450869,-7.13611900099994,0],[107.45083136400007,-7.135997558999975,0],[107.450772,-7.135806,0],[107.450722,-7.135639998999977,0],[107.45069694400007,-7.135584875999939,0],[107.45056200200008,-7.135288,0],[107.450391,-7.134964,0],[107.45037552500008,-7.134936620999952,0],[107.45028237800005,-7.134771823999927,0],[107.44975118200006,-7.133813023999949,0],[107.44961300600005,-7.13299514299996,0],[107.44957173900008,-7.132750877999968,0],[107.44977236300008,-7.132438516999969,0],[107.449803,-7.132364,0],[107.44996192600007,-7.132228262999945,0],[107.450084,-7.132124000999966,0],[107.45012618700008,-7.132094885999948,0],[107.45023237100008,-7.132021602999941,0],[107.450297,-7.131977,0],[107.45036760600004,-7.131899261999934,0],[107.450396,-7.131868,0],[107.45044761200006,-7.131696225999974,0],[107.45045983300008,-7.131655550999938,0],[107.45045798600006,-7.131616737999934,0],[107.45045347600006,-7.131531042999939,0],[107.450453,-7.131522,0],[107.45038933200004,-7.13143505499994,0],[107.45038930500004,-7.131435017999934,0],[107.45036143900006,-7.131396963999975,0],[107.45036,-7.131395,0],[107.45027410100005,-7.131292315999929,0],[107.450273,-7.131291,0],[107.450241,-7.131079,0],[107.45023250200006,-7.131015262999938,0],[107.450217,-7.130899000999932,0],[107.45021799900007,-7.13089,0],[107.45023384600006,-7.130830733999971,0],[107.45025327200005,-7.130757718999973,0],[107.45031258700004,-7.130375740999966,0],[107.45032438700008,-7.130299751999928,0],[107.45037965500006,-7.130178418999947,0],[107.45051630600005,-7.129878427999927,0],[107.45057807400008,-7.129742827999962,0],[107.45064503200007,-7.12918665899997,0],[107.45065849200006,-7.12914006699998,0],[107.45067373900008,-7.129086866999955,0],[107.45067686000004,-7.129075975999967,0],[107.45069626500003,-7.129047648999972,0],[107.45077129800006,-7.12893722299998,0],[107.450783,-7.12892,0],[107.45083721200007,-7.12883868199998,0],[107.45085679300007,-7.128808928999945,0],[107.45087421700003,-7.128780763999941,0],[107.45088199900005,-7.128768,0],[107.45092241300006,-7.128653106999934,0],[107.45092257900006,-7.12865263499998,0],[107.45100265700006,-7.128423946999931,0],[107.45114152700006,-7.128113971999937,0],[107.45118282300007,-7.12799969699995,0],[107.451197,-7.12796,0],[107.451222,-7.127785,0],[107.45118291700004,-7.127542322999943,0],[107.45116531300005,-7.127464495999959,0],[107.45114658700004,-7.127381712999977,0],[107.45115040000007,-7.127334435999956,0],[107.45115561000006,-7.127265532999957,0],[107.45117389300009,-7.127220928999975,0],[107.45118350300004,-7.127197260999935,0],[107.45122782600004,-7.127116498999953,0],[107.45131636900004,-7.127039499999967,0],[107.45165168800008,-7.126760978999926,0],[107.45165228100007,-7.126747381999962,0],[107.45165282600004,-7.126734862999967,0],[107.45168242100004,-7.126055651999934,0],[107.45168875100006,-7.126035543999933,0],[107.45202093700004,-7.12498022099993,0],[107.45205391200005,-7.124875458999952,0],[107.45200197600008,-7.12458401899994,0],[107.45199243300004,-7.124530471999947,0],[107.45196087000005,-7.124448676999975,0],[107.45187979200006,-7.124286520999931,0],[107.45174467700008,-7.12417392499998,0],[107.45162281000006,-7.124072368999975,0],[107.45146667600005,-7.123944621999954,0],[107.45147951900009,-7.123865940999963,0],[107.45150820700007,-7.123703374999934,0],[107.45161452300005,-7.12343141499997,0],[107.45162946500005,-7.123212979999948,0],[107.45163431400005,-7.123142082999948,0],[107.45162419700006,-7.123124122999968,0],[107.45153890000006,-7.122990084999969,0],[107.45149003200004,-7.12295592299995,0],[107.45124888100008,-7.122787341999981,0],[107.45123205300007,-7.122542601999953,0],[107.45130040900005,-7.122284990999958,0],[107.45136083600005,-7.121878718999938,0],[107.45137474700005,-7.121470656999975,0],[107.45137531000006,-7.121454136999944,0],[107.45138624100008,-7.121133524999948,0],[107.45139150100005,-7.120979261999935,0],[107.45139476600008,-7.120883470999956,0],[107.45116326200008,-7.120641122999928,0],[107.45125202900005,-7.120375971999977,0],[107.45140458200007,-7.120111343999952,0],[107.45147545300006,-7.11997538199995,0],[107.45151384200005,-7.119885931999931,0],[107.45153209500006,-7.119843400999969,0],[107.45160261400008,-7.119679084999973,0],[107.451649,-7.119571,0],[107.45165629600007,-7.119490740999936,0],[107.45168486000006,-7.119176534999951,0],[107.45167049100007,-7.119148526999936,0],[107.45156363900009,-7.118953561999945,0],[107.45153396800004,-7.118899422999959,0],[107.451417,-7.118686,0],[107.45101957300005,-7.118245207999962,0],[107.45082558600006,-7.118030054999963,0],[107.45066052200008,-7.117852574999972,0],[107.45063676800004,-7.117820399999971,0],[107.45029418700005,-7.117356367999946,0],[107.45015880100004,-7.117106879999938,0],[107.45012462000005,-7.117035388999966,0],[107.45014205900009,-7.116857958999958,0],[107.45016998200003,-7.116573855999945,0],[107.45018495800008,-7.116421485999979,0],[107.45034479900005,-7.115584441999943,0],[107.450361,-7.115503,0],[107.45072808100008,-7.115060979999953,0],[107.45088512600006,-7.11468978399995,0],[107.45088512600006,-7.114522294999972,0],[107.45088512600006,-7.114332863999948,0],[107.45081940200004,-7.114056824999977,0],[107.45085046800006,-7.114170049999927,0],[107.45081374200004,-7.114033051999968,0],[107.45056457000004,-7.113823758999956,0],[107.44991652400006,-7.113373518999936,0],[107.44997601000006,-7.113358646999927,0],[107.45008903400009,-7.113343775999965,0],[107.45014108500004,-7.113328903999957,0],[107.45019313600005,-7.113314031999948,0],[107.45030913400007,-7.113272391999942,0],[107.45041026200005,-7.113221827999951,0],[107.45051138900004,-7.113174238999932,0],[107.45054410600005,-7.113129623999953,0],[107.45064225900006,-7.112933318999978,0],[107.45064563500006,-7.112911714999939,0],[107.45065713100007,-7.112838139999951,0],[107.45066010500005,-7.112748909999937,0],[107.45066010500005,-7.112668603999964,0],[107.45069579700004,-7.112579373999949,0],[107.45072851500004,-7.112516912999979,0],[107.45077907800004,-7.112454451999952,0],[107.45086533400007,-7.112406862999933,0],[107.45099025500008,-7.112314658999935,0],[107.45101790500007,-7.112272120999933,0],[107.45102892100005,-7.112255171999948,0],[107.45108840800003,-7.112198659999933,0],[107.45119548400004,-7.112136198999963,0],[107.45132040500005,-7.112032097999929,0],[107.45136502000008,-7.111969636999959,0],[107.45139773800008,-7.111910149999972,0],[107.45143045500004,-7.11182389499993,0],[107.45143520600004,-7.111765942999966,0],[107.45143991200007,-7.111708527999951,0],[107.45144532700004,-7.111642460999974,0],[107.45144235300006,-7.111511590999953,0],[107.45140963500006,-7.111386668999955,0],[107.45139178900007,-7.111276618999966,0],[107.45138286600007,-7.111193337999964,0],[107.45138286600007,-7.111148636999928,0],[107.45138286600007,-7.111121953999941,0],[107.45140368700004,-7.111005954999939,0],[107.45145722400008,-7.110913750999941,0],[107.45151076200005,-7.110842366999975,0],[107.45159106900007,-7.110785854999961,0],[107.45166840200005,-7.110750162999977,0],[107.45178142600008,-7.11069067699998,0],[107.45187065600004,-7.110637138999948,0],[107.45191527100008,-7.110601446999965,0],[107.45201937200005,-7.11047949899995,0],[107.45206398700009,-7.110402166999961,0],[107.45209967900007,-7.11035160299997,0],[107.45214726800003,-7.110318885999959,0],[107.45220972900006,-7.110312936999946,0],[107.45228111300008,-7.110324833999925,0],[107.45236142000005,-7.110345654999946,0],[107.45244172600007,-7.110345654999946,0],[107.45251311000004,-7.110318885999959,0],[107.45270049300007,-7.110262373999944,0],[107.45292654200006,-7.110146374999943,0],[107.45299197700007,-7.110095810999951,0],[107.45303064300003,-7.110039298999936,0],[107.45309905300007,-7.109979812999939,0],[107.45319720500004,-7.10993519799996,0],[107.45330428100004,-7.109914376999939,0],[107.45336971600005,-7.109914376999939,0],[107.45345894600007,-7.109914376999939,0],[107.45354520100005,-7.109917351999968,0],[107.45361361100004,-7.109887607999951,0],[107.45375935300007,-7.109765660999926,0],[107.45384560800005,-7.109652636999954,0],[107.45394673600003,-7.109542586999964,0],[107.45413709200005,-7.109367100999975,0],[107.45435124400007,-7.109167821999961,0],[107.45454457500006,-7.108977464999953,0],[107.45472600900007,-7.108706800999926,0],[107.45484498200005,-7.108456957999977,0],[107.45490149400007,-7.108257677999973,0],[107.45506508200003,-7.107873989999973,0],[107.45511267100005,-7.107820451999942,0],[107.45513944000004,-7.107799630999978,0],[107.45518108100003,-7.107781784999929,0],[107.45524651600005,-7.107781784999929,0],[107.45528518200007,-7.107808553999973,0],[107.45531790000007,-7.107862091999948,0],[107.45537441200008,-7.10794537299995,0],[107.45546066800006,-7.108052448999956,0],[107.45561235800005,-7.108168447999958,0],[107.45577594600007,-7.108216036999977,0],[107.45598414900007,-7.10821901099996,0],[107.45607635300007,-7.10818629399995,0],[107.45617748000006,-7.108132755999975,0],[107.45624291500008,-7.10807624399996,0],[107.45627860700006,-7.107998910999981,0],[107.45630240200006,-7.107921578999935,0],[107.45630240200006,-7.107856143999925,0],[107.45630835100008,-7.107757990999971,0],[107.45632024800005,-7.107683632999965,0],[107.45635891400008,-7.107591428999967,0],[107.45637676000007,-7.107558710999967,0],[107.45649515400004,-7.107493020999925,0],[107.45665138900006,-7.10743193199994,0],[107.45675879900006,-7.107372537999936,0],[107.45679024500004,-7.107343675999971,0],[107.45687478800005,-7.107305923999945,0],[107.45692066500004,-7.107289897999976,0],[107.45697221200004,-7.107259494999937,0],[107.45704239900004,-7.107223253999962,0],[107.45708815500006,-7.107184272999973,0],[107.45712096100004,-7.107141056999978,0],[107.45713510200005,-7.107099373999972,0],[107.45712048000007,-7.107050669999978,0],[107.45710737100006,-7.107016304999945,0],[107.45706801100005,-7.106907471999932,0],[107.45704915600004,-7.106873137999969,0],[107.45704169300006,-7.106820091999964,0],[107.45705718700003,-7.106762619999927,0],[107.45713819400004,-7.106600062999973,0],[107.45725432400008,-7.106396973999949,0],[107.45729731400007,-7.106334775999926,0],[107.45732259600004,-7.106303544999946,0],[107.45758548400005,-7.106054207999932,0],[107.45762906700008,-7.106016222999926,0],[107.45769803900004,-7.105963678999956,0],[107.45780485800009,-7.10589701899994,0],[107.45795885700005,-7.10583313799998,0],[107.45802548400007,-7.105802654999934,0],[107.45806561700005,-7.105786659999978,0],[107.45808707700007,-7.105770763999942,0],[107.45810422100004,-7.105753455999945,0],[107.45811776600004,-7.105734731999974,0],[107.45815838100003,-7.105646218999937,0],[107.45824463700006,-7.105479656999933,0],[107.45826640500007,-7.10544656899998,0],[107.45835491000008,-7.105357568999978,0],[107.45847591700004,-7.10528949299993,0],[107.45866290600009,-7.105204567999976,0],[107.45877754900005,-7.105155177999961,0],[107.45903494600009,-7.105075618999933,0],[107.45920424100007,-7.105039568999928,0],[107.45930497400008,-7.105018265999945,0],[107.45933332900006,-7.105013836999944,0],[107.45944329000008,-7.105009712999959,0],[107.45954446800005,-7.105005481999967,0],[107.45958968000008,-7.104999502999931,0],[107.45962337200007,-7.104987845999972,0],[107.45964268200004,-7.104972677999967,0],[107.45967411600009,-7.104941663999966,0],[107.45972626900004,-7.104874845999973,0],[107.45978309100008,-7.104771784999969,0],[107.45981013200009,-7.10472501199996,0],[107.45986010100006,-7.10466807399996,0],[107.45992242900007,-7.104615389999935,0],[107.45994013900008,-7.104598399999929,0],[107.45996898200008,-7.104575090999958,0],[107.45999371200008,-7.104561055999966,0],[107.46003526700008,-7.104541195999957,0],[107.46012772500006,-7.104509189999931,0],[107.46020952400005,-7.10448237199995,0],[107.46051702200003,-7.10440295099994,0],[107.46067168700006,-7.104382130999966,0],[107.46077262900008,-7.104395409999938,0],[107.46079209500004,-7.104409653999937,0],[107.46080222100005,-7.104423230999942,0],[107.46080885200007,-7.104454759999953,0],[107.46084946500008,-7.104664017999937,0],[107.46087130700005,-7.104719856999964,0],[107.46089012700008,-7.104747734999933,0],[107.46090023400006,-7.104757723999967,0],[107.46091392900007,-7.10476697799993,0],[107.46095063400008,-7.104781847999959,0],[107.46097794200006,-7.104785288999949,0],[107.46101304000007,-7.104767885999934,0],[107.46104949700003,-7.104736127999956,0],[107.46124434700005,-7.104533663999973,0],[107.46132306500004,-7.104468385999951,0],[107.46137957700006,-7.10443864299998,0],[107.46145096100008,-7.104432693999968,0],[107.46153424200008,-7.104441616999964,0],[107.46161234600004,-7.104471242999978,0],[107.46163217300005,-7.104486010999949,0],[107.46170080400009,-7.104554640999936,0],[107.46175233100007,-7.104610584999932,0],[107.46178890800007,-7.10463576099994,0],[107.46181681900003,-7.10465152699993,0],[107.46185672200005,-7.104680759999951,0],[107.46186445700005,-7.104696468999975,0],[107.46186736000004,-7.10470219299998,0],[107.46187171900004,-7.104711494999947,0],[107.46188039000003,-7.104721491999953,0],[107.46189334300004,-7.104726444999926,0],[107.46191636600008,-7.104734213999961,0],[107.46195661200005,-7.104739738999967,0],[107.46199900900007,-7.104744535999941,0],[107.46202771500003,-7.10474079599993,0],[107.46204707800007,-7.104735671999947,0],[107.46205855000005,-7.104732023999929,0],[107.46207571200006,-7.10471830299997,0],[107.46208785600004,-7.104706042999965,0],[107.46210212700004,-7.10468874999998,0],[107.46215217900004,-7.104647593999971,0],[107.46220230400007,-7.104620066999928,0],[107.46229396600006,-7.10457079899993,0],[107.46231612900004,-7.104552028999933,0],[107.46232970100004,-7.104538326999943,0],[107.46235326900006,-7.104513810999947,0],[107.46237731400004,-7.104483063999965,0],[107.46238816800007,-7.104459104999933,0],[107.46239746200007,-7.104451164999944,0],[107.46241394400005,-7.104444620999971,0],[107.46243045400007,-7.104443097999933,0],[107.46253971000004,-7.104435258999956,0],[107.46264006600006,-7.104422023999973,0],[107.46266634700004,-7.104417442999932,0],[107.46276639800004,-7.104414052999971,0],[107.46284612300008,-7.104415781999933,0],[107.46291581300005,-7.104421149999951,0],[107.46294524900009,-7.10441955899995,0],[107.46298614000006,-7.104411450999976,0],[107.46301914000009,-7.104404818999967,0],[107.46316045300006,-7.104373937999981,0],[107.46322214400004,-7.104360697999937,0],[107.46341391200008,-7.104310553999937,0],[107.46349175900008,-7.104283222999925,0],[107.46350890700006,-7.104266631999963,0],[107.46351531200008,-7.104255837999972,0],[107.46354029800005,-7.104227726999966,0],[107.46356680100007,-7.104214673999934,0],[107.46360556500008,-7.104211597999949,0],[107.46362209700004,-7.104214379999974,0],[107.46363865600006,-7.104222182999933,0],[107.46369637100008,-7.104271374999939,0],[107.46372010400006,-7.104277704999959,0],[107.46374523900005,-7.104277571999944,0],[107.46377180200005,-7.104275995999956,0],[107.46390813800008,-7.104254466999976,0],[107.46396772800006,-7.104251280999961,0],[107.46400219100008,-7.104249662999962,0],[107.46404025200007,-7.104249459999949,0],[107.46412499600007,-7.104249726999967,0],[107.46422628000005,-7.104254209999965,0],[107.46432033700006,-7.104250122999929,0],[107.46444877300007,-7.104228636999949,0],[107.46455057200006,-7.104195095999955,0],[107.46466595500004,-7.104150005999941,0],[107.46482143500003,-7.104045102999976,0],[107.46487198800008,-7.104012771999976,0],[107.46494095500009,-7.10396985999995,0],[107.46506906100007,-7.103890148999938,0],[107.46509557700006,-7.103880013999969,0],[107.46513194600004,-7.10386962299998,0],[107.46517047600008,-7.103858614999979,0],[107.46519228900007,-7.103852875999962,0],[107.46520143100008,-7.103851222999936,0],[107.46529602300006,-7.103847748999954,0],[107.46537167000008,-7.103847824999946,0],[107.46549422600003,-7.103846216999955,0],[107.46557516700005,-7.103851524999925,0],[107.46562164000005,-7.103857494999943,0],[107.46565953800007,-7.103871640999955,0],[107.46585921600007,-7.103938677999963,0],[107.46587185800007,-7.103944494999951,0],[107.46590486600007,-7.10395355199995,0],[107.46592523100009,-7.103956790999973,0],[107.46599947700008,-7.103963568999973,0],[107.46602962000009,-7.103960060999952,0],[107.46605399900005,-7.103952757999934,0],[107.46613419500005,-7.103908331999946,0],[107.46621674800008,-7.103856720999943,0],[107.46629744800003,-7.103817074999938,0],[107.46640108900004,-7.103769654999951,0],[107.46646366300007,-7.103742539999928,0],[107.46650474200004,-7.103724625999973,0],[107.46652239200006,-7.103712575999964,0],[107.46653623500004,-7.103704850999975,0],[107.46654724700005,-7.103704791999974,0],[107.46655540600005,-7.103708574999928,0]]]]}},{"type":"Feature","properties":{"OBJECTID":39,"NAMOBJ":"Tenjolaya","SRS_ID":"SRGI 2013","KDEPUM":"32.04.38.2010","KDPKAB":"32.04","KDPPUM":"32","TIPADM":2,"WADMKC":"Pasirjambu","WADMKD":"Tenjolaya","WADMKK":"Bandung","WADMPR":"Jawa Barat","WIADKD":"Tenjolaya","WIADKC":"Pasirjambu","WIADKK":"Bandung","WIADPR":"Jawa Barat","SHAPE_Leng":0.43063023699,"SHAPE_Area":0.0039947679,"LUASHA":4879.50647555},"geometry":{"type":"MultiPolygon","coordinates":[[[[107.47275335400008,-7.09790621999997,0],[107.47282711700007,-7.098039469999947,0],[107.47295322900004,-7.098463013999947,0],[107.47337915200006,-7.098446357999933,0],[107.47364565200007,-7.098403526999959,0],[107.47405967800006,-7.098536776999936,0],[107.47430000300005,-7.098612919999937,0],[107.47437376700009,-7.098915111999929,0],[107.47430238300007,-7.099131642999964,0],[107.47416199500009,-7.099300583999934,0],[107.47400733000006,-7.099628949999953,0],[107.47373845100009,-7.099957315999973,0],[107.47365279000007,-7.100095323999938,0],[107.47367182600004,-7.100216676999935,0],[107.47401922700004,-7.100378479999961,0],[107.47421434300009,-7.100449863999927,0],[107.47429762400009,-7.100528385999951,0],[107.47437376700009,-7.100621184999966,0],[107.47451653400009,-7.100818679999975,0],[107.47462123100007,-7.10084961299998,0],[107.47523275200007,-7.100928135999936,0],[107.47510664100008,-7.101406406999956,0],[107.47549449300004,-7.10149206799997,0],[107.47533354700005,-7.10198474699996,0],[107.47577323600007,-7.102015780999977,0],[107.47616286300007,-7.101970115999961,0],[107.47636603800004,-7.102040694999971,0],[107.47687077300009,-7.101933224999925,0],[107.47696166900005,-7.101919857999974,0],[107.47706646500006,-7.101927342999943,0],[107.47728140800007,-7.101910232999955,0],[107.47737015500007,-7.10175731399994,0],[107.47746853800004,-7.101654657999973,0],[107.47757654000009,-7.101526332999981,0],[107.47765995200007,-7.101497460999951,0],[107.47774443100008,-7.101569107999978,0],[107.47777865100005,-7.101727371999971,0],[107.47778720600007,-7.101817198999981,0],[107.47773757700008,-7.101961461999963,0],[107.47788058300006,-7.102000516999965,0],[107.47799533700004,-7.102012885999955,0],[107.47809918000007,-7.102016455999944,0],[107.47815556300009,-7.102018394999959,0],[107.47827392200008,-7.102063713999939,0],[107.47845186600006,-7.102122345999931,0],[107.47860351600008,-7.102156227999956,0],[107.47867318500005,-7.102318031999971,0],[107.47896233000006,-7.102544257999966,0],[107.47902375700005,-7.102662611999961,0],[107.47910970700008,-7.102740049999966,0],[107.47921377500006,-7.102862049999942,0],[107.47926346100007,-7.102920295999979,0],[107.47950092700006,-7.103009437999958,0],[107.47956720000008,-7.103041319999932,0],[107.47966173800006,-7.102910164999969,0],[107.47985816600004,-7.102711838999937,0],[107.48004272000009,-7.102531509999949,0],[107.48010749100007,-7.102333887999976,0],[107.48028644500005,-7.102225325999939,0],[107.48044130200009,-7.102087002999951,0],[107.48067022000004,-7.101785499999949,0],[107.48064964200006,-7.101921193999942,0],[107.48059389800005,-7.102044037999974,0],[107.48066096900004,-7.102598805999946,0],[107.48048036600005,-7.103167388999964,0],[107.4805,-7.103778,0],[107.48044339100005,-7.103875362999929,0],[107.48043806400005,-7.103997940999932,0],[107.48041153500009,-7.104072808999945,0],[107.48027989400003,-7.104076501999941,0],[107.48020817700007,-7.104094819999943,0],[107.48006337800007,-7.104150967999942,0],[107.47999388000005,-7.104135449999944,0],[107.47997584000007,-7.104158069999926,0],[107.47995805000005,-7.104171299999962,0],[107.47993860000008,-7.104189909999945,0],[107.47990997000005,-7.104209349999962,0],[107.47988159000005,-7.104216699999938,0],[107.47986292000007,-7.10422430999995,0],[107.47983696000006,-7.104245529999957,0],[107.47983034000003,-7.104263059999937,0],[107.47982092000007,-7.104278879999981,0],[107.47981177000008,-7.104308799999956,0],[107.47979683000005,-7.104328469999928,0],[107.47977920000005,-7.104344219999973,0],[107.47976660000006,-7.104357949999951,0],[107.47973857000005,-7.104366569999968,0],[107.47971127000005,-7.104351469999926,0],[107.47968110000005,-7.10436311999996,0],[107.47966401000008,-7.104388319999941,0],[107.47964948000003,-7.104413219999969,0],[107.47962923000006,-7.104438319999929,0],[107.47962566000007,-7.104472359999932,0],[107.47962054000004,-7.10450002999994,0],[107.47960281000007,-7.104524179999942,0],[107.47958270000004,-7.104546269999958,0],[107.47957004000006,-7.104560019999951,0],[107.47954817000004,-7.104557099999965,0],[107.47951681000006,-7.104568809999932,0],[107.47948552000008,-7.104571819999933,0],[107.47946163000006,-7.104596209999954,0],[107.47944753000007,-7.104625059999933,0],[107.47944203000009,-7.104646239999965,0],[107.47943868000004,-7.104665529999977,0],[107.47942886000004,-7.104693719999943,0],[107.47941846000003,-7.104715109999972,0],[107.47940988000005,-7.104739169999959,0],[107.47939614000006,-7.104770909999957,0],[107.47937558000007,-7.104783459999965,0],[107.47935450000006,-7.104802899999981,0],[107.47933852000006,-7.104824649999955,0],[107.47931522000005,-7.104843329999937,0],[107.47929284000008,-7.104866469999934,0],[107.47927591000007,-7.104877429999931,0],[107.47925563000007,-7.104897859999937,0],[107.47923995000008,-7.104917529999966,0],[107.47922099000004,-7.104935859999955,0],[107.47920384000008,-7.104954459999931,0],[107.47919107000007,-7.10497565999998,0],[107.47918924000004,-7.105003469999929,0],[107.47918052000006,-7.105032729999948,0],[107.47917746000007,-7.105051259999925,0],[107.47917444000007,-7.10508423999994,0],[107.47917169000004,-7.105109609999943,0],[107.47919151000008,-7.105132279999964,0],[107.47920582000006,-7.105148649999933,0],[107.47922235000004,-7.105163119999929,0],[107.47922630000005,-7.105200139999965,0],[107.47922831000005,-7.105232679999972,0],[107.47924257000005,-7.10526090999997,0],[107.47924955000008,-7.105278089999956,0],[107.47925729000008,-7.105306239999948,0],[107.47925437000004,-7.10533608999998,0],[107.47925310000005,-7.105368189999979,0],[107.47925058000004,-7.105404759999942,0],[107.47926052000008,-7.105433869999956,0],[107.47926478000005,-7.10546525999996,0],[107.47926773000006,-7.105487989999972,0],[107.47928697000003,-7.105484309999952,0],[107.47931558000005,-7.105498869999963,0],[107.47932905000005,-7.105524439999954,0],[107.47933662000008,-7.105547349999938,0],[107.47933675000007,-7.105577719999928,0],[107.47932029000003,-7.105600569999979,0],[107.47932764000007,-7.105618149999941,0],[107.47932493000008,-7.105637469999976,0],[107.47931543000004,-7.105664109999964,0],[107.47929108000005,-7.105690289999927,0],[107.47927092000003,-7.105706859999941,0],[107.47925686000008,-7.105725269999937,0],[107.47924595000006,-7.105747939999958,0],[107.47923651000008,-7.105769589999966,0],[107.47922224000007,-7.105785099999935,0],[107.47921065000008,-7.105799839999975,0],[107.47919701000006,-7.105815469999925,0],[107.47918355000007,-7.10583429999997,0],[107.47916395000004,-7.105851159999929,0],[107.47914987000007,-7.105864609999969,0],[107.47913020000004,-7.105887629999927,0],[107.47897935300006,-7.106149539999933,0],[107.47908795400008,-7.107038545999956,0],[107.47876921200009,-7.107558983999979,0],[107.47843380600006,-7.107690701999957,0],[107.47841547400009,-7.107711894999966,0],[107.47830267200004,-7.107796650999944,0],[107.47811747200006,-7.107994146999943,0],[107.47800604600008,-7.108175943999981,0],[107.47798656800006,-7.108207723999953,0],[107.47796287400007,-7.108235114999957,0],[107.47794338900007,-7.108448868999972,0],[107.47807101700005,-7.108775584999933,0],[107.47808693000007,-7.10890689799993,0],[107.47797364100006,-7.109111033999966,0],[107.47786094200006,-7.109223690999954,0],[107.47774951500008,-7.109640059999947,0],[107.47735391400005,-7.110002983999948,0],[107.47727047900008,-7.110112916999981,0],[107.47715021900007,-7.110271372999932,0],[107.47705422100006,-7.110478862999969,0],[107.47705318700008,-7.110703902999944,0],[107.47708312800006,-7.110961974999952,0],[107.47707177000007,-7.111150882999937,0],[107.47644001900005,-7.111776452999948,0],[107.47630272200007,-7.111961224999959,0],[107.47627175700006,-7.112072713999964,0],[107.47635007900004,-7.112168544999975,0],[107.47662273300006,-7.112502147999976,0],[107.47665885900005,-7.112603311999976,0],[107.47658246700007,-7.112752991999969,0],[107.47644930200005,-7.112955322999937,0],[107.47634510600005,-7.113170856999943,0],[107.47637423600008,-7.113807605999966,0],[107.47613285900007,-7.114719022999964,0],[107.47614618300008,-7.11508775599998,0],[107.47609592800006,-7.115832646999934,0],[107.47609125000008,-7.116039124999929,0],[107.47618618500007,-7.116432705999955,0],[107.47613702300004,-7.116870640999934,0],[107.47573666700004,-7.117534018999947,0],[107.47573417600006,-7.117695494999964,0],[107.47580075800005,-7.117937710999968,0],[107.47568423200005,-7.118962326999963,0],[107.47566373300003,-7.119507240999951,0],[107.47557951600004,-7.119763192999926,0],[107.47567834900008,-7.119943865999971,0],[107.47578018000007,-7.119955928999957,0],[107.47604594400008,-7.120119735999936,0],[107.47605514200006,-7.120125404999953,0],[107.47577013500006,-7.121192485999927,0],[107.47584363900006,-7.121498651999957,0],[107.47569200500004,-7.122006474999978,0],[107.47564772100009,-7.12250968099994,0],[107.47557342400006,-7.122600632999934,0],[107.47529238300007,-7.122730713999943,0],[107.47515999800004,-7.122846913999979,0],[107.47513311700004,-7.12316393499998,0],[107.47518353300006,-7.123456869999927,0],[107.47555542900005,-7.123813655999925,0],[107.47549493700006,-7.124237089999951,0],[107.47518744300004,-7.124426407999977,0],[107.47504573900005,-7.124549625999975,0],[107.47503287300009,-7.124647644999925,0],[107.47503246500008,-7.124794707999968,0],[107.47506590900008,-7.12487952999993,0],[107.47546637700009,-7.124888489999933,0],[107.47551341400003,-7.12489871899993,0],[107.47607856400003,-7.125683240999933,0],[107.47603767400005,-7.125734802999943,0],[107.47584486600005,-7.12630057299998,0],[107.47558094000004,-7.127244951999955,0],[107.47547795300005,-7.127586593999979,0],[107.47547829900009,-7.127695646999939,0],[107.47553825800009,-7.127806176999968,0],[107.47565420900008,-7.127923572999975,0],[107.47608081700008,-7.128102110999976,0],[107.47640624200005,-7.128115009999931,0],[107.47662946200006,-7.128017842999952,0],[107.47686749900004,-7.128148604999978,0],[107.47714212600005,-7.128694388999975,0],[107.47712184500006,-7.128975091999962,0],[107.47677786200006,-7.128926821999926,0],[107.47674135400007,-7.128914246999955,0],[107.47660181900005,-7.129126801999973,0],[107.47650852300006,-7.129454555999928,0],[107.47657342000008,-7.130133595999951,0],[107.47645903600005,-7.130475956999931,0],[107.47652393400006,-7.130918104999978,0],[107.47685493200004,-7.131225576999952,0],[107.47692875800004,-7.131900560999952,0],[107.47668051000005,-7.13227861699994,0],[107.47671592900008,-7.132671491999929,0],[107.47658960500007,-7.132936201999939,0],[107.47655603200008,-7.133091861999958,0],[107.47669364800004,-7.133411972999966,0],[107.47669643500006,-7.133418454999969,0],[107.47657739800007,-7.133519174999947,0],[107.47662012400008,-7.133665685999972,0],[107.47650413600007,-7.133842715999947,0],[107.47647972100003,-7.134135730999958,0],[107.47665973500006,-7.134224598999936,0],[107.47672084400006,-7.13425476599997,0],[107.47676052600008,-7.134453164999968,0],[107.47673481700008,-7.134570123999936,0],[107.47649889900003,-7.134725917999958,0],[107.47625631400007,-7.134812723999971,0],[107.47598034200007,-7.134797138999943,0],[107.47571771800006,-7.134814938999966,0],[107.47556860200007,-7.134850550999943,0],[107.47549739100003,-7.135008565999954,0],[107.47547513300009,-7.135248934999936,0],[107.47539500500005,-7.135386922999942,0],[107.47546622800007,-7.135520454999948,0],[107.47561979300008,-7.135696281999969,0],[107.47559992500004,-7.136049671999956,0],[107.47558863700004,-7.136250461999964,0],[107.47553134900005,-7.136560888999952,0],[107.47542393700007,-7.137142934999929,0],[107.47517240400003,-7.137380716999928,0],[107.47511231500005,-7.137703432999956,0],[107.47522137600004,-7.137879259999977,0],[107.47539496800005,-7.138039487999947,0],[107.47541988900008,-7.138077505999945,0],[107.47552627300007,-7.138239794999947,0],[107.47532597400004,-7.138342172999955,0],[107.47522154200004,-7.138434862999929,0],[107.47521945600005,-7.138436714999955,0],[107.47514793400006,-7.138500194999949,0],[107.47501884000008,-7.138651532999972,0],[107.47497209800008,-7.138905263999959,0],[107.47507951600005,-7.139091876999942,0],[107.47492147800006,-7.139498257999946,0],[107.47507951700004,-7.139938500999961,0],[107.47468442700006,-7.140209421999941,0],[107.47480860100006,-7.14085285699997,0],[107.47450381500005,-7.141360821999967,0],[107.47419903400004,-7.142094576999966,0],[107.47427804700004,-7.142771865999975,0],[107.47484425900006,-7.143776679999974,0],[107.47530661600007,-7.144496188999938,0],[107.47489387300004,-7.145405376999975,0],[107.47360072100008,-7.146406985999931,0],[107.47378036100008,-7.147769516999972,0],[107.47367649300008,-7.148147607999931,0],[107.47402134600009,-7.148646209999981,0],[107.47435373800005,-7.149182184999972,0],[107.47448668700008,-7.150831687999926,0],[107.47413353000007,-7.151118383999972,0],[107.47370141600004,-7.151226403999942,0],[107.47354353800006,-7.151704216999974,0],[107.47344797500006,-7.152240197999959,0],[107.47383853400004,-7.152310833999934,0],[107.47448254200003,-7.152294207999944,0],[107.47526780100009,-7.152767881999978,0],[107.47516809100006,-7.153008857999964,0],[107.47520964500006,-7.153569773999948,0],[107.47538051700008,-7.153888549999976,0],[107.47548059800005,-7.154457223999941,0],[107.47480274500003,-7.154748392999977,0],[107.47427956600006,-7.154748392999977,0],[107.47447973400006,-7.155121432999977,0],[107.47437965400007,-7.155967643999929,0],[107.47483458300007,-7.156399835999935,0],[107.47416583300009,-7.156763784999953,0],[107.47407029300007,-7.15743710299995,0],[107.47348797400008,-7.157773749999933,0],[107.47335150000004,-7.158210490999977,0],[107.47304213400008,-7.158551704999979,0],[107.47296934900004,-7.159734549999939,0],[107.47235973200009,-7.160153090999927,0],[107.47256117200004,-7.162129215999926,0],[107.47194449700004,-7.163071053999943,0],[107.47143434900005,-7.164169853999965,0],[107.47114843700007,-7.165352759999962,0],[107.47062705500008,-7.166075961999979,0],[107.47150721500009,-7.167185982999968,0],[107.47286389400006,-7.168066151999938,0],[107.47300414000006,-7.168131890999973,0],[107.47376088500005,-7.168486608999956,0],[107.47408043100006,-7.169316323999965,0],[107.47419815500007,-7.170325426999966,0],[107.47372164100005,-7.170751496999969,0],[107.47422584100008,-7.173197124999945,0],[107.47543676300006,-7.174094111999977,0],[107.47724753600005,-7.175871266999934,0],[107.48073576900003,-7.176227358999938,0],[107.48314374600005,-7.176250291999963,0],[107.48513306900009,-7.178538673999981,0],[107.48437309300004,-7.179728854999951,0],[107.48370875200004,-7.181777830999977,0],[107.48271956100007,-7.184796106999954,0],[107.48297508300004,-7.187759817999961,0],[107.48418361700004,-7.189857526999958,0],[107.48643910800007,-7.190753945999973,0],[107.48999529500009,-7.193077995999943,0],[107.49403296700007,-7.19587761899993,0],[107.49644392000005,-7.198925186999929,0],[107.49703135800007,-7.201265337999928,0],[107.49761933100007,-7.203701128999967,0],[107.50436323900004,-7.213885696999967,0],[107.50485001300007,-7.214894692999962,0],[107.50651709800007,-7.219874460999961,0],[107.50656686300005,-7.220562841999936,0],[107.50615607500004,-7.221100719999981,0],[107.50572819200005,-7.221317318999979,0],[107.50513446400004,-7.224809764999975,0],[107.50500523400007,-7.226386729999945,0],[107.50459764500005,-7.227506121999966,0],[107.50470862400005,-7.228178863999972,0],[107.50534171400005,-7.229047678999962,0],[107.50514824000004,-7.230089376999956,0],[107.50443872600005,-7.232036815999948,0],[107.50340639000007,-7.233802388999948,0],[107.50191330900009,-7.235386852999966,0],[107.50070657400005,-7.236097443999938,0],[107.49955809800008,-7.236256786999945,0],[107.49773703500006,-7.236725887999967,0],[107.49424988700008,-7.240769845999978,0],[107.49266900700007,-7.243119957999966,0],[107.49191859000007,-7.24600114499998,0],[107.49099049600005,-7.250015771999927,0],[107.49412737300008,-7.251926811999965,0],[107.49568235100008,-7.253219071999979,0],[107.49599515700004,-7.254121784999938,0],[107.49589878900008,-7.254218152999954,0],[107.49580956000005,-7.254343075999941,0],[107.49572626700007,-7.254530100999943,0],[107.49570248400005,-7.254717839999955,0],[107.49564299700006,-7.254920093999942,0],[107.49556566500007,-7.255068810999944,0],[107.49544654900006,-7.25531349399995,0],[107.49520121400008,-7.255628312999931,0],[107.49515560000003,-7.255714688999944,0],[107.49510896200007,-7.255803003999972,0],[107.49510580700007,-7.255808977999948,0],[107.49508020600007,-7.255857456999934,0],[107.49475387600006,-7.256475400999932,0],[107.49402100200007,-7.257931631999952,0],[107.49378305600004,-7.258274272999927,0],[107.49322150300009,-7.258654987999932,0],[107.49261593100005,-7.258699007999951,0],[107.49192588700004,-7.258532444999958,0],[107.49156921500008,-7.258321534999936,0],[107.49109898600005,-7.25790305299995,0],[107.49076614100005,-7.257591250999951,0],[107.49023780100003,-7.257230913999933,0],[107.48930916500007,-7.256764976999932,0],[107.48915036100004,-7.256681199999946,0],[107.48891586800005,-7.256557491999956,0],[107.48821096800003,-7.256134792999944,0],[107.48792215600008,-7.255958642999929,0],[107.48768712300006,-7.255714688999944,0],[107.48743548800007,-7.255453502999956,0],[107.48698454000004,-7.254957110999953,0],[107.48637404700008,-7.254231722999975,0],[107.48604861800004,-7.253928187999975,0],[107.48496124000008,-7.253386572999943,0],[107.48458181500007,-7.25318019599996,0],[107.48454547500006,-7.253144870999961,0],[107.48436228000008,-7.252966796999942,0],[107.48410158600007,-7.252732479999963,0],[107.48355877400007,-7.252200792999929,0],[107.48272716100007,-7.25189034899995,0],[107.48181162000009,-7.251610927999934,0],[107.48114788700008,-7.251479317999951,0],[107.48099721100004,-7.251458100999969,0],[107.48096373100009,-7.25145338599998,0],[107.48063712900006,-7.251571331999969,0],[107.48045153100009,-7.25173551499995,0],[107.48021614600009,-7.252029225999934,0],[107.48000313400007,-7.252219018999938,0],[107.47989524100007,-7.252315152999927,0],[107.47935155600004,-7.252667081999959,0],[107.47889662400007,-7.252946926999925,0],[107.47883150200005,-7.252986985999939,0],[107.47773196100007,-7.253339165999932,0],[107.47773094200005,-7.253339491999952,0],[107.47772991600004,-7.253339945999926,0],[107.47740167400008,-7.253510006999932,0],[107.47691356000007,-7.253762896999945,0],[107.47676096200007,-7.253935515999956,0],[107.47671519000005,-7.254093844999943,0],[107.47674570500004,-7.254380397999967,0],[107.47683727300006,-7.25457494799997,0],[107.47683786000005,-7.254575428999942,0],[107.47666584600006,-7.254785216999949,0],[107.47661553700004,-7.25480349399993,0],[107.47647670300006,-7.254853930999957,0],[107.47637355800003,-7.254864477999945,0],[107.47631947500008,-7.254870007999955,0],[107.47610326000006,-7.254873834999955,0],[107.47602835000004,-7.254867446999981,0],[107.47593493100004,-7.254837788999964,0],[107.47554327100005,-7.254581664999932,0],[107.47538199100006,-7.25449563799998,0],[107.47514648600009,-7.25435486799995,0],[107.47494910700004,-7.25421812899998,0],[107.47482549700004,-7.254137445999959,0],[107.47466231100009,-7.25397858499997,0],[107.47465773700009,-7.253974131999939,0],[107.47465316300008,-7.253969678999965,0],[107.47441217900007,-7.253728692999971,0],[107.47423766900005,-7.253560268999934,0],[107.47418334900004,-7.253522462999968,0],[107.47389279300006,-7.253342198999974,0],[107.47351848000005,-7.253164659999925,0],[107.47341155400005,-7.253109452999979,0],[107.47312123600005,-7.252938079999979,0],[107.47284085700005,-7.252778410999952,0],[107.47250213100006,-7.252567616999954,0],[107.47231632700004,-7.252461591999975,0],[107.47225662200009,-7.252427522999938,0],[107.47218503400006,-7.252391354999929,0],[107.47198611400006,-7.252293836999968,0],[107.47188719300004,-7.252274094999962,0],[107.47170181200005,-7.252192977999925,0],[107.47163384300006,-7.252159953999978,0],[107.47143411600007,-7.252040486999931,0],[107.47113137800005,-7.25180691099996,0],[107.47105254700006,-7.251728802999935,0],[107.47091964800006,-7.251557628999933,0],[107.47072817500003,-7.25128049999995,0],[107.47061389400005,-7.251111239999943,0],[107.47047031600005,-7.250903729999948,0],[107.47033765900005,-7.250720317999935,0],[107.47014443900008,-7.250456338999925,0],[107.47009146800008,-7.250393497999937,0],[107.46991884100004,-7.25015319399995,0],[107.46981771900005,-7.250000383999975,0],[107.46976981000006,-7.249927980999928,0],[107.46975126000007,-7.249893873999952,0],[107.46940298700008,-7.24962868199998,0],[107.46895261900005,-7.249155127999927,0],[107.46831820500006,-7.24872634899998,0],[107.46766991000004,-7.248598191999974,0],[107.46713399800007,-7.24875538799995,0],[107.46629914900006,-7.238061553999955,0],[107.46566480000007,-7.235706101999938,0],[107.46426749500006,-7.234349834999932,0],[107.46279310500006,-7.233610275999979,0],[107.45948745900006,-7.231288234999965,0],[107.45734736400004,-7.22913803199998,0],[107.45739899600005,-7.227358405999951,0],[107.45795150500004,-7.225975767999955,0],[107.45788237900007,-7.224200286999974,0],[107.45746597300007,-7.222177744999954,0],[107.45728751400009,-7.22039314899996,0],[107.45746301200006,-7.218725910999979,0],[107.45743623000004,-7.217240362999974,0],[107.45699939700006,-7.215215919999935,0],[107.45574086400006,-7.209745060999978,0],[107.45516042500009,-7.204178417999969,0],[107.45526157000006,-7.201808711999945,0],[107.45603829700008,-7.19600367399994,0],[107.45418145000008,-7.19357008399993,0],[107.45397921400007,-7.191808070999969,0],[107.45428612100005,-7.189601582999956,0],[107.45518622400004,-7.186568316999967,0],[107.45559686500008,-7.185418517999949,0],[107.45669091400003,-7.183508722999932,0],[107.45816791400006,-7.181322398999953,0],[107.45968846800008,-7.179978080999945,0],[107.46102326800008,-7.177324904999978,0],[107.46109930500006,-7.174854281999956,0],[107.45787100300004,-7.173619658999939,0],[107.45897111200009,-7.168571849999978,0],[107.45893799900006,-7.16425199899993,0],[107.45848365200004,-7.161923347999959,0],[107.457634,-7.157926,0],[107.45719396600003,-7.155157565999957,0],[107.45700026600008,-7.15427737899995,0],[107.455237,-7.148645000999977,0],[107.45509125900008,-7.148061740999935,0],[107.45486677400004,-7.144280451999975,0],[107.45458863200008,-7.142236435999962,0],[107.45328869600007,-7.140193521999947,0],[107.45912078900005,-7.138177017999965,0],[107.46162137100004,-7.137343603999966,0],[107.46178292100007,-7.136910703999945,0],[107.46186179800009,-7.136781739999947,0],[107.46191841500007,-7.136689170999944,0],[107.46210379300004,-7.136227453999936,0],[107.46216091200006,-7.135725417999936,0],[107.46217068100009,-7.135211870999967,0],[107.46166267000007,-7.135019425999928,0],[107.46183042200005,-7.134469770999942,0],[107.46186968300009,-7.134401955999977,0],[107.46190180600007,-7.134330571999953,0],[107.46190180600007,-7.134244911999929,0],[107.46187682200008,-7.134159250999971,0],[107.46182685300005,-7.134070020999957,0],[107.46172691600009,-7.133923683999967,0],[107.46164482400008,-7.133766639999976,0],[107.46150919500008,-7.133463258999939,0],[107.46148064100004,-7.133295506999957,0],[107.46146465200007,-7.133206836999932,0],[107.46144138000005,-7.133077785999944,0],[107.46139855000007,-7.132770834999974,0],[107.46138784200008,-7.132532888999947,0],[107.46132835600008,-7.13242581399993,0],[107.46114394800009,-7.132247353999958,0],[107.46100712900005,-7.132068893999929,0],[107.46091789900004,-7.131896383999958,0],[107.46088220700005,-7.131765512999948,0],[107.46087031000008,-7.13161084799998,0],[107.46087031000008,-7.131474028999946,0],[107.46087982800009,-7.13127891299996,0],[107.46089767400008,-7.131096884999977,0],[107.46092265800007,-7.131036207999955,0],[107.46096191900006,-7.130989808999971,0],[107.46103330300008,-7.130971962999979,0],[107.46117250100008,-7.130964824999978,0],[107.46126886900004,-7.130936270999939,0],[107.46128314600008,-7.130921993999948,0],[107.46127983600007,-7.130884751999929,0],[107.46126963200004,-7.130769958999963,0],[107.46126886900004,-7.130761380999957,0],[107.46125102300005,-7.130657873999951,0],[107.46133668400006,-7.130575782999927,0],[107.46140093000008,-7.130468706999977,0],[107.46127600800008,-7.130293816999938,0],[107.46134382200006,-7.130233139999973,0],[107.46152942000003,-7.130115356999966,0],[107.46153299000008,-7.130051111999933,0],[107.46154726600008,-7.129976158999966,0],[107.46168646500007,-7.129786990999946,0],[107.46171144900006,-7.129726314999971,0],[107.46169717200007,-7.129654930999948,0],[107.46162578900004,-7.129644223999946,0],[107.46155797400007,-7.129608531999963,0],[107.46154726600008,-7.129551424999931,0],[107.46153299000008,-7.129394379999951,0],[107.46154012800008,-7.129315857999927,0],[107.46158295800006,-7.129212351999968,0],[107.46165434200009,-7.129108844999962,0],[107.46170431100006,-7.129023183999948,0],[107.46175427900005,-7.12893752399998,0],[107.46178283300009,-7.128826878999973,0],[107.46173286400006,-7.128630572999953,0],[107.46169360300007,-7.128523497999936,0],[107.46167932600008,-7.128412852999929,0],[107.46167575700008,-7.128216546999965,0],[107.46164006500004,-7.128113040999949,0],[107.46156511200007,-7.128009533999943,0],[107.46153299000008,-7.127916734999928,0],[107.46153218900008,-7.127899128999957,0],[107.46152942000003,-7.127838212999961,0],[107.46162935800004,-7.127702583999962,0],[107.46167536500008,-7.12763817299998,0],[107.46171858800005,-7.127577661999965,0],[107.46177926400009,-7.127442032999966,0],[107.46181138700007,-7.127320679999968,0],[107.46183994000006,-7.127088682999954,0],[107.46184350900006,-7.126870961999941,0],[107.46180781700008,-7.126610410999945,0],[107.46176141800004,-7.126317736999965,0],[107.46177212500004,-7.126157123999974,0],[107.46176141800004,-7.126035770999977,0],[107.46175784900004,-7.125975094999944,0],[107.46181138700007,-7.125689559999955,0],[107.46183790200007,-7.125592337999933,0],[107.46187563200004,-7.125453992999951,0],[107.46192917000008,-7.12530051799996,0],[107.46194701600007,-7.125221994999947,0],[107.46188634000004,-7.125157749999971,0],[107.46179711000008,-7.125068519999957,0],[107.46171858800005,-7.124979289999942,0],[107.46161151200005,-7.124818676999951,0],[107.46156511200007,-7.124743723999927,0],[107.46156868200006,-7.124629509999977,0],[107.46161865000005,-7.124418926999965,0],[107.46167575700008,-7.124222621999934,0],[107.46182566300007,-7.124051300999952,0],[107.46188990900004,-7.123894255999971,0],[107.46187563200004,-7.12384071799994,0],[107.46172215700005,-7.123676535999948,0],[107.46156868200006,-7.12354090599996,0],[107.46149506100005,-7.123502422999934,0],[107.46141163700008,-7.123458814999935,0],[107.46132597600007,-7.123376722999978,0],[107.46125459300004,-7.123287493999953,0],[107.46116893200008,-7.123169709999956,0],[107.46107970200006,-7.12290915899996,0],[107.46107256400006,-7.122787806999952,0],[107.46108327100006,-7.122687868999947,0],[107.46117478400004,-7.122487245999935,0],[107.46117607000008,-7.122484425999971,0],[107.46118919200006,-7.12244037499994,0],[107.46122603900005,-7.122316673999933,0],[107.46109397900005,-7.12213821399996,0],[107.46087982800009,-7.12197759999998,0],[107.46076918300008,-7.12183840199998,0],[107.46069990200004,-7.121796544999938,0],[107.46059786100005,-7.121734894999975,0],[107.46044081700006,-7.121627819999958,0],[107.46025878800003,-7.121524312999952,0],[107.46014814300008,-7.121467205999977,0],[107.46001608300008,-7.121402960999944,0],[107.45985190000005,-7.121377975999962,0],[107.45979836300006,-7.12134942299997,0],[107.45979479300007,-7.121238777999963,0],[107.45966273300007,-7.121217362999971,0],[107.45964131800008,-7.121117424999966,0],[107.45956279600006,-7.121078163999925,0],[107.45953665400003,-7.121046612999976,0],[107.45945928900005,-7.120953241999928,0],[107.45937644300005,-7.120833751999953,0],[107.45927369100008,-7.12068555299993,0],[107.45911990500008,-7.120556482999973,0],[107.45907381700005,-7.120517800999949,0],[107.45888108000008,-7.120185865999929,0],[107.45877400500007,-7.119968145999962,0],[107.45873117400004,-7.119800393999981,0],[107.45875615900007,-7.11941492099993,0],[107.45878471200007,-7.119211476999965,0],[107.45900243300008,-7.118911664999928,0],[107.45918803100005,-7.118815296999969,0],[107.45928725200008,-7.118527809999932,0],[107.45932722900005,-7.118411977999926,0],[107.45943364200008,-7.118355059999942,0],[107.45948070400004,-7.118329886999959,0],[107.45970913300005,-7.118301332999977,0],[107.46000537600008,-7.118233517999954,0],[107.46005177500007,-7.117987243999949,0],[107.46014814300008,-7.117890875999933,0],[107.46024808100009,-7.117944413999965,0],[107.46046580100005,-7.117944413999965,0],[107.46061570700004,-7.117826630999957,0],[107.46085484300005,-7.117673154999977,0],[107.46103330300008,-7.11751967999993,0],[107.46112967100004,-7.117384050999931,0],[107.46119748600006,-7.117259128999933,0],[107.46125459300004,-7.117155622999974,0],[107.46137237600004,-7.117055684999968,0],[107.46143305200007,-7.117027131999976,0],[107.46150443600004,-7.117016423999928,0],[107.46154726600008,-7.117027131999976,0],[107.46165434200009,-7.117019992999928,0],[107.46169360300007,-7.116959316999953,0],[107.46172215700005,-7.116909347999979,0],[107.46174180700007,-7.116889697999966,0],[107.46174714100005,-7.11688436399993,0],[107.46180781700008,-7.116877225999929,0],[107.46191489300008,-7.116877225999929,0],[107.46201483000004,-7.11689150199993,0],[107.46209692200006,-7.116895071999977,0],[107.46216116700003,-7.11689150199993,0],[107.46221470500006,-7.116873656999928,0],[107.46225753500005,-7.116845102999946,0],[107.46233605800006,-7.116770149999979,0],[107.46240030300004,-7.116677350999964,0],[107.46254664000008,-7.116470337999942,0],[107.46262873100005,-7.116431076999959,0],[107.46267513100008,-7.116416799999968,0],[107.46276436100004,-7.116370400999926,0],[107.46278029100006,-7.116356460999953,0],[107.46282146800007,-7.116320431999952,0],[107.46287143600006,-7.116238339999938,0],[107.46292497400009,-7.116191940999954,0],[107.46301420400005,-7.116159817999971,0],[107.46313555700004,-7.11614911099997,0],[107.46318195600008,-7.116124125999931,0],[107.46319266400008,-7.116077726999947,0],[107.46319266400008,-7.116024188999972,0],[107.46316054100004,-7.115927820999957,0],[107.46315112600007,-7.115889434999929,0],[107.46311414100006,-7.115738653999927,0],[107.46313912600004,-7.115710099999944,0],[107.46322121700007,-7.115692253999953,0],[107.46324800500008,-7.115678859999946,0],[107.46329346800007,-7.115656128999944,0],[107.46336398500006,-7.11562086999993,0],[107.46343536900008,-7.115567331999955,0],[107.46344250700008,-7.115524501999971,0],[107.46344607600008,-7.115467394999939,0],[107.46343893800008,-7.115388872999972,0],[107.46339253800005,-7.115313919999949,0],[107.46332472400007,-7.115167582999959,0],[107.46332115500007,-7.115103337999926,0],[107.46332803600006,-7.115027644999941,0],[107.46332829300007,-7.11502481499997,0],[107.46336755400006,-7.114960569999937,0],[107.46357456700008,-7.114682172999949,0],[107.46360499900004,-7.114638098999933,0],[107.46367807400009,-7.114532266999959,0],[107.46372090400007,-7.114414483999951,0],[107.46372447300007,-7.114271715999962,0],[107.46377444200004,-7.114189624999938,0],[107.46381727200009,-7.114132516999973,0],[107.46388151800005,-7.114086117999932,0],[107.46393862500008,-7.11406827199994,0],[107.46400643900006,-7.114043287999948,0],[107.46406711600008,-7.113996887999974,0],[107.46410637700006,-7.113943349999943,0],[107.46410637700006,-7.113926517999971,0],[107.46410637700006,-7.113871965999977,0],[107.46408853100007,-7.113782736999951,0],[107.46404927000003,-7.113718490999929,0],[107.46400287000006,-7.113657814999954,0],[107.46394933200008,-7.113568584999939,0],[107.46394584500007,-7.113481404999959,0],[107.46394576300008,-7.113479354999981,0],[107.46401000800006,-7.113290187999951,0],[107.46410207600007,-7.113131451999948,0],[107.46411351500007,-7.113111728999968,0],[107.46420988300008,-7.11298680699997,0],[107.46424200600006,-7.112926130999938,0],[107.46425985200005,-7.112879730999964,0],[107.46425985200005,-7.11287587399994,0],[107.46425985200005,-7.112851177999971,0],[107.46425271400005,-7.112822623999932,0],[107.46423129800007,-7.11279763999994,0],[107.46418489900009,-7.112786931999949,0],[107.46408139200008,-7.112736963999964,0],[107.46402071600005,-7.112694132999934,0],[107.46396717800008,-7.112640594999959,0],[107.46392434800003,-7.112587057999974,0],[107.46389936400004,-7.112554934999935,0],[107.46384225600008,-7.112533519999943,0],[107.46374588800006,-7.112551365999934,0],[107.46364595100005,-7.112544226999944,0],[107.46360669000006,-7.112529949999953,0],[107.46359241300007,-7.11249782799996,0],[107.46359955100007,-7.112472842999978,0],[107.46372090400007,-7.11234435199998,0],[107.46386367200006,-7.112283675999947,0],[107.46391459500006,-7.112256655999943,0],[107.46403856200004,-7.112190876999932,0],[107.46409923800007,-7.112173030999941,0],[107.46416348400004,-7.112173030999941,0],[107.46427055900006,-7.112151615999949,0],[107.46432052800009,-7.112115923999966,0],[107.46435978900007,-7.112058816999934,0],[107.46447400300008,-7.111962448999975,0],[107.46455609500003,-7.111908910999944,0],[107.46460606300008,-7.111894633999952,0],[107.46467744700004,-7.111898203999942,0],[107.46475240000007,-7.111898203999942,0],[107.46482021500009,-7.11186608099996,0],[107.46490506000004,-7.111794433999933,0],[107.46498082900007,-7.111730451999961,0],[107.46502722800005,-7.11171617499997,0],[107.46510931900008,-7.111748297999952,0],[107.46522353400007,-7.111833957999977,0],[107.46533774800008,-7.111887495999952,0],[107.46543411600004,-7.111891064999952,0],[107.46550193100006,-7.111783988999946,0],[107.46550193100006,-7.111751866999953,0],[107.46548408500007,-7.111730451999961,0],[107.46542697800004,-7.11168762099993,0],[107.46539128600006,-7.111648359999947,0],[107.46538057800007,-7.111598390999973,0],[107.46541983900005,-7.111559129999932,0],[107.46545910000003,-7.111544853999931,0],[107.46566254400005,-7.111498453999957,0],[107.46580531200004,-7.111444915999925,0],[107.46584814200008,-7.111377101999949,0],[107.46586955700008,-7.111319994999974,0],[107.46586598800008,-7.111198641999977,0],[107.46589454200006,-7.111020181999947,0],[107.46589811100006,-7.110852429999966,0],[107.46598240900005,-7.110690644999977,0],[107.46625146100007,-7.110174283999982,0],[107.46611226200008,-7.110106468999959,0],[107.46621599700006,-7.109734196999966,0],[107.46636567500008,-7.10933552399996,0],[107.46641220800007,-7.109269250999944,0],[107.46660481100008,-7.108975035999947,0],[107.46710092800004,-7.108607408999944,0],[107.46722228100003,-7.108357565999938,0],[107.46723298800003,-7.108157690999974,0],[107.46746141700004,-7.108104152999942,0],[107.46749710900008,-7.10788643199993,0],[107.46756492300005,-7.107732956999939,0],[107.46763630700008,-7.107622311999933,0],[107.46777907500007,-7.107604465999941,0],[107.46788972000007,-7.107347483999945,0],[107.46778264400007,-7.107279669999969,0],[107.46797894900004,-7.106797828999959,0],[107.46796110300005,-7.106708598999944,0],[107.46796824200004,-7.106572969999945,0],[107.46808712900008,-7.106389490999959,0],[107.46818449000006,-7.106282717999932,0],[107.46802051200007,-7.106058814999926,0],[107.46776009300004,-7.105706298999962,0],[107.46754335000008,-7.105463546999943,0],[107.46727356200006,-7.105149339999969,0],[107.46708336800003,-7.104947096999979,0],[107.46686225900004,-7.104783277999957,0],[107.46665802200005,-7.104640890999974,0],[107.46652985800006,-7.104538530999946,0],[107.46646777700005,-7.104429082999957,0],[107.46647488900004,-7.104379319999964,0],[107.46658167400005,-7.103718855999944,0],[107.46659476800005,-7.103701,0],[107.46662201700008,-7.103693202999978,0],[107.46664547600005,-7.103693077999935,0],[107.46666319700006,-7.103694418999964,0],[107.46671491600006,-7.103696534999926,0],[107.46676284800009,-7.10370680099993,0],[107.46684917400006,-7.103734557999928,0],[107.46691584100006,-7.103756680999936,0],[107.46695656400004,-7.10376172499997,0],[107.46699057100005,-7.103764413999954,0],[107.46702120400005,-7.103762815999971,0],[107.46704176200006,-7.103757445999975,0],[107.46706517000007,-7.103747755999962,0],[107.46714725100009,-7.103697581999938,0],[107.46724830100004,-7.103613349999932,0],[107.46734888200007,-7.103531033999957,0],[107.46742903300009,-7.103478000999928,0],[107.46750639700008,-7.103441241999974,0],[107.46755799600004,-7.103420880999977,0],[107.46764165600007,-7.103397479999956,0],[107.46768992100004,-7.103380483999956,0],[107.46771759400008,-7.103362640999933,0],[107.46773046500005,-7.103352050999945,0],[107.46775984100009,-7.103294504999951,0],[107.46776450600004,-7.103271524999968,0],[107.46777011600005,-7.103246147999926,0],[107.46777387700007,-7.103233214999932,0],[107.46778099500006,-7.103221220999956,0],[107.46779144100009,-7.103204904999927,0],[107.46780145100007,-7.103196720999961,0],[107.46780759900008,-7.103182340999979,0],[107.46780896100006,-7.103168464999953,0],[107.46780888900008,-7.103155073999972,0],[107.46781025800004,-7.103052721999973,0],[107.46781770900009,-7.103013465999936,0],[107.46782811400004,-7.102989497999943,0],[107.46784189400006,-7.102969815999927,0],[107.46785950300006,-7.102950114999942,0],[107.46788141400003,-7.102928954999925,0],[107.46792257000004,-7.102835955999979,0],[107.46795537000008,-7.10279178199994,0],[107.46798524300004,-7.102737580999928,0],[107.46803649200007,-7.102651701999946,0],[107.46811965900008,-7.102536001999965,0],[107.46821447400004,-7.102449890999935,0],[107.46827882800005,-7.102397418999942,0],[107.46832179100005,-7.102373755999963,0],[107.46836478200004,-7.10235535399994,0],[107.46838775500004,-7.102353796999978,0],[107.46840836400008,-7.102357990999963,0],[107.46843330000007,-7.10236550999997,0],[107.46846447500008,-7.102375865999932,0],[107.46848317500007,-7.102381026999979,0],[107.46852155200008,-7.102395169999966,0],[107.46853980600008,-7.102406550999945,0],[107.46855230400007,-7.102416048999942,0],[107.46856314600006,-7.102424600999939,0],[107.46861958800008,-7.102463993999947,0],[107.46865609600007,-7.102486754999973,0],[107.46869250400005,-7.102490865999926,0],[107.46871546900007,-7.102487873999962,0],[107.46874128300004,-7.102480562999972,0],[107.46875654000007,-7.102468524999949,0],[107.46881134600005,-7.102421364999941,0],[107.46882178700008,-7.102404092999961,0],[107.46883221800005,-7.10238490699993,0],[107.46887392900004,-7.102280765999978,0],[107.46891214300007,-7.102187339999944,0],[107.46899682600008,-7.101952105999942,0],[107.46905161100005,-7.101868666999962,0],[107.46910111500006,-7.101814838999928,0],[107.46912101900006,-7.101776472999973,0],[107.46912662600005,-7.101750617999926,0],[107.46916070100008,-7.101496965999957,0],[107.46918496300009,-7.101378230999956,0],[107.46919715100006,-7.101329384999929,0],[107.46921519500006,-7.10130154999996,0],[107.46925613800005,-7.101258289999976,0],[107.46928926200007,-7.101228316999936,0],[107.46931797900004,-7.101213166999969,0],[107.46933600900007,-7.101209493999932,0],[107.46955188100009,-7.10114258599998,0],[107.46965117800005,-7.101101448999941,0],[107.46970738600004,-7.10105841099994,0],[107.46974902500006,-7.101010961999975,0],[107.46981424400008,-7.100896432999946,0],[107.46995955400007,-7.100650556999938,0],[107.47005020900008,-7.100480296999933,0],[107.47006680900006,-7.100450915999943,0],[107.47008878900004,-7.100420309999947,0],[107.47011499900009,-7.10039745399996,0],[107.47023781200005,-7.100309519999939,0],[107.47036006100006,-7.10022816399993,0],[107.47043336900003,-7.100171579999937,0],[107.47046023500008,-7.100159480999935,0],[107.47049249600008,-7.100149145999978,0],[107.47055132300005,-7.100129107999976,0],[107.47060838600004,-7.100109670999927,0],[107.47063287400005,-7.100100572999963,0],[107.47064518200006,-7.100095072999977,0],[107.47066165700005,-7.100085877999959,0],[107.47067097600006,-7.100077616999954,0],[107.47068592100004,-7.100052479999931,0],[107.47070446000004,-7.099996860999966,0],[107.47069696500006,-7.099886813999944,0],[107.47069342400005,-7.099784009999951,0],[107.47069468900008,-7.099684766999928,0],[107.47069787100008,-7.099608230999934,0],[107.47070546300006,-7.099572918999968,0],[107.47071491700007,-7.099550151999949,0],[107.47073875200005,-7.099530895999976,0],[107.47085052000006,-7.099421250999967,0],[107.47096634100006,-7.099339579999935,0],[107.47100749600008,-7.099313654999946,0],[107.47108264000008,-7.09926483199996,0],[107.47112496300008,-7.099233520999974,0],[107.47114758000004,-7.099210084999982,0],[107.47115947200007,-7.099195674999976,0],[107.47116598400004,-7.09918248799994,0],[107.47117067900007,-7.099165126999935,0],[107.47123054500008,-7.09888557599993,0],[107.47147082400005,-7.098877039999934,0],[107.47153744900004,-7.098934146999966,0],[107.47160645400004,-7.099172092999936,0],[107.47199668500008,-7.098674785999947,0],[107.47264389900005,-7.09787052799993,0],[107.47275335400008,-7.09790621999997,0]]]]}},{"type":"Feature","properties":{"OBJECTID":51,"NAMOBJ":"Cibodas","SRS_ID":"SRGI 2013","KDEPUM":"32.04.38.2002","KDPKAB":"32.04","KDPPUM":"32","TIPADM":2,"WADMKC":"Pasirjambu","WADMKD":"Cibodas","WADMKK":"Bandung","WADMPR":"Jawa Barat","WIADKD":"Cibodas","WIADKC":"Pasirjambu","WIADKK":"Bandung","WIADPR":"Jawa Barat","SHAPE_Leng":0.15642076795,"SHAPE_Area":0.00087119903,"LUASHA":1064.35769047},"geometry":{"type":"MultiPolygon","coordinates":[[[[107.48393309100004,-7.085175333999928,0],[107.48425906400007,-7.085254891999966,0],[107.48450378100006,-7.085358796999969,0],[107.48462420700008,-7.085496843999977,0],[107.48463961900006,-7.085692840999968,0],[107.48449469600007,-7.085858238999947,0],[107.48457426200008,-7.086156554999945,0],[107.48458774100004,-7.086170403999972,0],[107.48519155200006,-7.08679077599993,0],[107.48493235800004,-7.087288607999938,0],[107.48513698400006,-7.08743863899997,0],[107.48499374600004,-7.087670505999938,0],[107.48482322400008,-7.087858043999972,0],[107.48504567600008,-7.087979674999929,0],[107.48525976000008,-7.088096730999951,0],[107.48549508000008,-7.088124007999966,0],[107.48514721600009,-7.088553642999955,0],[107.48524881400004,-7.088979837999943,0],[107.48530409600005,-7.089211734999935,0],[107.48552918500008,-7.089457238999955,0],[107.48567242300004,-7.089863004999927,0],[107.48573110200005,-7.089913907999971,0],[107.48590433300006,-7.090064183999971,0],[107.48596486300005,-7.090011596999943,0],[107.48628046000005,-7.089737412999966,0],[107.48636367700004,-7.089665115999935,0],[107.48660381200006,-7.089794118999976,0],[107.48676868100006,-7.090037792999965,0],[107.48690846200009,-7.090095125999937,0],[107.48710406700008,-7.089951542999927,0],[107.48719160500008,-7.089887285999964,0],[107.48732421700004,-7.089661530999933,0],[107.48783898900007,-7.089513599999975,0],[107.48792276300009,-7.089489524999976,0],[107.48852721200006,-7.08947749999993,0],[107.48864316800007,-7.089475192999942,0],[107.48925605000005,-7.08956835999993,0],[107.48983667500005,-7.089485940999964,0],[107.49043880400006,-7.08929960599994,0],[107.49089957400008,-7.089011676999974,0],[107.49098358900005,-7.088959175999946,0],[107.49246418000007,-7.088714722999953,0],[107.49332759300006,-7.088572165999949,0],[107.49427021200006,-7.088271159999977,0],[107.49477915500006,-7.088091985999938,0],[107.49592107100005,-7.088178697999979,0],[107.49647802100009,-7.088220988999979,0],[107.49771702100008,-7.08826025999997,0],[107.49772439500003,-7.088263545999951,0],[107.49781982000007,-7.088374854999927,0],[107.49791524600005,-7.08848616399996,0],[107.49817330300004,-7.089245853999955,0],[107.49817074000003,-7.089252644999931,0],[107.49800015400007,-7.089704608999966,0],[107.49805511200009,-7.089814557999944,0],[107.49808865300008,-7.089886802999956,0],[107.49845832800008,-7.090088611999931,0],[107.498656,-7.090082,0],[107.49874401000005,-7.090096263999953,0],[107.49883980500005,-7.090175469999963,0],[107.49890460400007,-7.090206684999941,0],[107.49908544100003,-7.09018275699998,0],[107.49922001800007,-7.090103122999949,0],[107.49927416700007,-7.090023922999933,0],[107.49928234300006,-7.089942099999973,0],[107.49925585000005,-7.089823161999959,0],[107.49929683400006,-7.089699555999971,0],[107.49936414900009,-7.089664760999938,0],[107.49950505800007,-7.089694131999977,0],[107.49978293200007,-7.089820324999948,0],[107.49982557400006,-7.089751115999945,0],[107.50010965200005,-7.088981363999949,0],[107.50021089200004,-7.088954170999955,0],[107.50033479500007,-7.088652020999973,0],[107.50068384300005,-7.088416347999953,0],[107.50085156600005,-7.088340807999941,0],[107.50114168300007,-7.088366492999967,0],[107.50121119300007,-7.088818203999949,0],[107.50135625000007,-7.089032729999929,0],[107.50160707900005,-7.089226103999977,0],[107.50183978000007,-7.089339411999958,0],[107.50195612900006,-7.089550914999961,0],[107.50199088100004,-7.089682349999975,0],[107.50206643200005,-7.089726161999977,0],[107.50216616100005,-7.089689901999975,0],[107.50226891000005,-7.089519189999976,0],[107.50234748400004,-7.089378688999943,0],[107.50241548200006,-7.089380200999926,0],[107.50258471600006,-7.089588682999931,0],[107.50265724400003,-7.089718606999952,0],[107.50277963700006,-7.089803209999957,0],[107.50285216800006,-7.089924069999938,0],[107.50299118100008,-7.089856084999951,0],[107.50325561100004,-7.089262363999978,0],[107.50351550600004,-7.089220060999935,0],[107.50358501300008,-7.089342432999956,0],[107.50369381000007,-7.089371136999944,0],[107.50373008500009,-7.089354896999964,0],[107.50389628700009,-7.089280490999954,0],[107.50403681200004,-7.089147546999925,0],[107.50451278600008,-7.089340920999973,0],[107.50462460000006,-7.089485952999951,0],[107.50478628100007,-7.089510122999968,0],[107.50491018500009,-7.08945573699998,0],[107.50507337500005,-7.089285024999981,0],[107.50501293400004,-7.089150566999933,0],[107.50510813000005,-7.089076542999976,0],[107.50524563400006,-7.089087117999952,0],[107.50537406900008,-7.089135459999966,0],[107.50551157300004,-7.089221572999975,0],[107.50556143700004,-7.089436098999954,0],[107.50569289700007,-7.089579619999938,0],[107.50611900600006,-7.089872702999969,0],[107.50625197400007,-7.089937664999979,0],[107.50640307800006,-7.089908959999946,0],[107.50651489300009,-7.089856084999951,0],[107.50674154900008,-7.089878746999943,0],[107.50683070000008,-7.089905939999937,0],[107.50685185400005,-7.090088737999963,0],[107.50695913600003,-7.090270027999964,0],[107.50716010100007,-7.09043621099994,0],[107.50729005200009,-7.090502683999944,0],[107.50738071300009,-7.090602390999948,0],[107.50751580200006,-7.090620400999967,0],[107.50751670400007,-7.090620520999948,0],[107.50774940100007,-7.090730804999964,0],[107.50851247200006,-7.090499660999967,0],[107.50863033000007,-7.090489085999934,0],[107.50873912400004,-7.090717207999944,0],[107.50934504800006,-7.090909072999978,0],[107.50944628500008,-7.091034463999961,0],[107.50956565600006,-7.090770084999974,0],[107.51006734700007,-7.09087686099997,0],[107.51088707900004,-7.090498021999963,0],[107.51113064600008,-7.090552951999939,0],[107.51121645900008,-7.090572304999966,0],[107.51152107200005,-7.090408881999963,0],[107.51174396300007,-7.09042126199995,0],[107.51185540600005,-7.090307361999976,0],[107.51215011500005,-7.090176131999954,0],[107.51226403600003,-7.089965663999976,0],[107.51242501100006,-7.089841860999968,0],[107.51263056100004,-7.089883953999959,0],[107.51288812100006,-7.089750244999948,0],[107.51302433300003,-7.089502639999978,0],[107.51316054200004,-7.089448165999954,0],[107.51347258500005,-7.08962891699997,0],[107.51370785500006,-7.089450640999928,0],[107.51391093100005,-7.089524922999942,0],[107.51408924400005,-7.089423404999934,0],[107.51429479500007,-7.089715579999961,0],[107.51451768300007,-7.089591777999942,0],[107.51427250700004,-7.089319407999938,0],[107.51437652000004,-7.089230269999973,0],[107.51447806100003,-7.08924512599998,0],[107.51459941100006,-7.089165893999962,0],[107.51478019500007,-7.089212938999935,0],[107.51490402500008,-7.089138656999978,0],[107.51490317400004,-7.089112289999946,0],[107.51513940500007,-7.089182600999948,0],[107.51533081100007,-7.08934443499993,0],[107.51551241100009,-7.089295650999929,0],[107.51582016200007,-7.089238076999948,0],[107.51611678400008,-7.089299159999939,0],[107.51643291000005,-7.089266648999967,0],[107.51835254100007,-7.089729495999961,0],[107.52007499900009,-7.090108,0],[107.52305285700004,-7.094240602999946,0],[107.52311867500003,-7.094393010999966,0],[107.523245,-7.09461,0],[107.52338200100007,-7.095146,0],[107.52340799900009,-7.09575,0],[107.52339154900005,-7.096350835999942,0],[107.52338899900008,-7.096444,0],[107.523303,-7.097137,0],[107.52329554400006,-7.097166910999931,0],[107.52322144700008,-7.097500461999971,0],[107.52296676100008,-7.098296605999963,0],[107.522841,-7.098706,0],[107.52275258900005,-7.098969731999944,0],[107.52248800100006,-7.09975899899996,0],[107.522135,-7.100789,0],[107.52185104000006,-7.101656654999942,0],[107.52182446900008,-7.101733410999941,0],[107.52178439900007,-7.101860279999926,0],[107.52173755800004,-7.102008591999947,0],[107.52132563200007,-7.102976531999957,0],[107.52132288400009,-7.102990518999945,0],[107.51941347500008,-7.105153403999964,0],[107.51880760800009,-7.106426875999944,0],[107.51876540100005,-7.107115755999928,0],[107.51889721600008,-7.108813710999925,0],[107.51883977300008,-7.109517977999928,0],[107.51852506400007,-7.110805170999981,0],[107.51727833300004,-7.112994209999954,0],[107.51713664700009,-7.113350783999977,0],[107.51713890800005,-7.113765523999973,0],[107.51713908700003,-7.113798393999957,0],[107.51589256000005,-7.113509971999974,0],[107.51508978400005,-7.113371174999941,0],[107.51438551600006,-7.113202672999932,0],[107.51346575500008,-7.115268132999972,0],[107.51327518600004,-7.115776180999944,0],[107.51286799500008,-7.115110884999979,0],[107.51251970100009,-7.114541817999964,0],[107.51228902700007,-7.114332815999944,0],[107.51198330200003,-7.114055812999936,0],[107.51084858100006,-7.113744245999953,0],[107.51074028800008,-7.113898332999952,0],[107.51043247900009,-7.11433630099998,0],[107.50984514100008,-7.115354927999931,0],[107.50961338200005,-7.115612305999946,0],[107.50958420900008,-7.115644704999966,0],[107.50891558500007,-7.116387240999927,0],[107.50863439700004,-7.116699510999979,0],[107.50854676000006,-7.116662856999938,0],[107.50853625700006,-7.116658463999954,0],[107.50836350700007,-7.116586211999959,0],[107.50796639800006,-7.11642011999993,0],[107.50790660100006,-7.116392710999946,0],[107.50730819700004,-7.116118415999949,0],[107.50711733700007,-7.11633390399993,0],[107.50700828200007,-7.116457029999935,0],[107.50674150500004,-7.117415321999943,0],[107.50668023100008,-7.117481882999925,0],[107.50668083200009,-7.117662726999981,0],[107.50625093800005,-7.117197704999967,0],[107.50619021600005,-7.117149665999932,0],[107.50596708600006,-7.11697314099996,0],[107.50570254400009,-7.116990028999965,0],[107.50569498800007,-7.116990510999926,0],[107.50530746300007,-7.117224110999928,0],[107.50488550100005,-7.117387680999968,0],[107.50439963300005,-7.11714517799993,0],[107.50389121400008,-7.11733606599995,0],[107.50388506800005,-7.117331734999937,0],[107.50370321200006,-7.117203593999932,0],[107.50352135700007,-7.117075452999927,0],[107.50319329200005,-7.116922366999972,0],[107.50313604100006,-7.116878762999931,0],[107.50287815800004,-7.116793721999954,0],[107.50246592200006,-7.116642380999963,0],[107.50245332200006,-7.116637754999942,0],[107.50234648500003,-7.116627591999929,0],[107.50227308800004,-7.116620609999927,0],[107.50219078700007,-7.116529402999959,0],[107.50211680000007,-7.116447410999967,0],[107.50209126500005,-7.116419112999949,0],[107.50184394800004,-7.116307050999978,0],[107.50172532600004,-7.11635933599996,0],[107.50142985000008,-7.116489571999978,0],[107.50139716800004,-7.116488266999966,0],[107.50088713800005,-7.116467893999925,0],[107.50085731500008,-7.116499489999967,0],[107.50064097400008,-7.11652278899993,0],[107.50026249700005,-7.116477010999972,0],[107.49998445500006,-7.11641155999996,0],[107.49990676600004,-7.116211119999946,0],[107.49994418600005,-7.116048317999969,0],[107.50001004700005,-7.115832755999975,0],[107.50006628100004,-7.115607680999972,0],[107.50009360800004,-7.115349285999969,0],[107.50001020000008,-7.11497671199993,0],[107.49943248300008,-7.115271556999971,0],[107.49935324700004,-7.115227348999952,0],[107.49926437900007,-7.115172831999928,0],[107.49916808400008,-7.115072921999968,0],[107.49911232900007,-7.114944098999956,0],[107.49905896200005,-7.114814466999974,0],[107.49901772900006,-7.114715056999955,0],[107.49889954100007,-7.114550702999964,0],[107.49880597600009,-7.114512948999959,0],[107.49874156000004,-7.114494153999942,0],[107.49861954600004,-7.114566561999936,0],[107.49857924900004,-7.11466758499995,0],[107.49854897400007,-7.114796496999929,0],[107.49844434600004,-7.114926184999945,0],[107.49834417800008,-7.114995272999977,0],[107.49829552700004,-7.11485206499998,0],[107.49822718100006,-7.114608532999966,0],[107.49814455100005,-7.114379424999981,0],[107.49804274400009,-7.114145638999958,0],[107.49794621700005,-7.114002687999971,0],[107.49787828600006,-7.113835671999936,0],[107.49785323600008,-7.113630164999961,0],[107.49784769800004,-7.113491505999946,0],[107.49777050300008,-7.113381927999967,0],[107.49754476400005,-7.113249239999959,0],[107.49753410200009,-7.113048437999964,0],[107.49765757000006,-7.112861258999942,0],[107.49760894500008,-7.112722832999964,0],[107.49746032400009,-7.112685375999945,0],[107.49690934200004,-7.112611829999935,0],[107.49644991800005,-7.112647783999932,0],[107.49611986100007,-7.112702169999977,0],[107.49587587700006,-7.112736961999929,0],[107.49580936800004,-7.112832967999964,0],[107.49581081500008,-7.113100773999975,0],[107.49577349600008,-7.113282704999961,0],[107.49567753900004,-7.113244962999943,0],[107.49556204300006,-7.113135590999946,0],[107.49533030200007,-7.112778161999927,0],[107.49523796900007,-7.112525193999943,0],[107.49511489700006,-7.111899364999942,0],[107.49506073600008,-7.11162227899996,0],[107.49483484300004,-7.111460894999936,0],[107.49460043400006,-7.111495634999926,0],[107.49432350500007,-7.111635815999932,0],[107.49412861000008,-7.111895113999935,0],[107.49393914700005,-7.112273942999934,0],[107.49385848200006,-7.112408284999958,0],[107.49358080300004,-7.11240977999995,0],[107.49337877000005,-7.112233919999937,0],[107.49328154800008,-7.111961847999964,0],[107.49311145400009,-7.111494089999951,0],[107.49296162100006,-7.111231864999979,0],[107.49200749600004,-7.110089226999946,0],[107.49157537900004,-7.109861996999939,0],[107.49100633200004,-7.109989399999961,0],[107.49053329300006,-7.11016411099996,0],[107.49031360700008,-7.110265722999941,0],[107.49015510200007,-7.110170926999956,0],[107.49011085400008,-7.109955956999954,0],[107.49000894500006,-7.108813510999937,0],[107.48982027300008,-7.108451062999961,0],[107.48962357200008,-7.108375601999967,0],[107.48945189100004,-7.108500866999975,0],[107.48932847100008,-7.108697608999933,0],[107.48905632800006,-7.108837760999961,0],[107.48884200200007,-7.108823369999925,0],[107.48870833700005,-7.10867344199994,0],[107.48867142600005,-7.108487126999933,0],[107.48868484200005,-7.108311300999958,0],[107.48880970400006,-7.108159984999929,0],[107.48899207400007,-7.108019119999938,0],[107.48926714400005,-7.107755804999954,0],[107.48947488000005,-7.107657844999949,0],[107.48948505300007,-7.107546599999978,0],[107.48938742900003,-7.10742158599993,0],[107.48924260600006,-7.10719998299993,0],[107.48903264900008,-7.106885471999931,0],[107.48895998700004,-7.106728042999976,0],[107.48874738600006,-7.106589299999939,0],[107.48853190900007,-7.106583283999953,0],[107.48845716200009,-7.106705635999958,0],[107.48836463600009,-7.106860365999978,0],[107.48825668500007,-7.106817903999968,0],[107.48820238100006,-7.106735698999955,0],[107.48780384000008,-7.106074279999973,0],[107.48778160200004,-7.105945274999954,0],[107.48780982500006,-7.105851865999966,0],[107.48788443700005,-7.105704406999962,0],[107.48797354700008,-7.105581976999929,0],[107.48813427600004,-7.105423293999934,0],[107.48818757600009,-7.105318990999933,0],[107.48807508900006,-7.105100799999946,0],[107.48786088800006,-7.104664358999969,0],[107.48774162500007,-7.104521526999974,0],[107.48761184200004,-7.104425379999952,0],[107.48746130600006,-7.104476402999978,0],[107.48729326000006,-7.10461001699997,0],[107.48719675700005,-7.104693031999943,0],[107.48702077800004,-7.104686801999947,0],[107.48684105300003,-7.104651898999975,0],[107.48673661600009,-7.104595069999959,0],[107.48658795400007,-7.104326856999933,0],[107.48659438300007,-7.104186936999952,0],[107.48662533000004,-7.103932107999981,0],[107.48659567900006,-7.103760099999931,0],[107.48656975400007,-7.103613179999968,0],[107.48645767400006,-7.103470307999942,0],[107.48629945500005,-7.103428114999929,0],[107.48620247000008,-7.103421461999972,0],[107.48615594600005,-7.103450405999979,0],[107.48606693200009,-7.103590768999936,0],[107.48597813100008,-7.103770585999939,0],[107.48588516000007,-7.103842820999944,0],[107.48575624500006,-7.103908074999936,0],[107.48563731100006,-7.103826215999959,0],[107.48559351000006,-7.103693738999937,0],[107.48543830300008,-7.10354392499994,0],[107.48532967900007,-7.103375926999945,0],[107.48525354400005,-7.103240035999931,0],[107.48499731800007,-7.103001092999932,0],[107.48485659000005,-7.102872722999962,0],[107.48474072700009,-7.102694002999954,0],[107.48472117500006,-7.102396401999954,0],[107.48474550000009,-7.102245624999966,0],[107.48482084500006,-7.102234460999966,0],[107.48499377300004,-7.102341138999975,0],[107.48513398000006,-7.102372668999976,0],[107.48516963600008,-7.102325848999953,0],[107.48515820900008,-7.102203957999961,0],[107.48509914100003,-7.101902982999945,0],[107.48500509100006,-7.101774361999958,0],[107.48484241600005,-7.101570784999979,0],[107.48467217400008,-7.101295512999968,0],[107.48466061200008,-7.101148514999977,0],[107.48467034400005,-7.100954774999934,0],[107.48469107900007,-7.100804017999963,0],[107.48467285600009,-7.100753899999972,0],[107.48461872700005,-7.100703974999931,0],[107.48408614300007,-7.10048803199993,0],[107.48391701900005,-7.100420787999951,0],[107.48377982500006,-7.100281636999966,0],[107.48369662600004,-7.100167304999957,0],[107.48338024000009,-7.099422940999943,0],[107.48333269600005,-7.099261788999968,0],[107.48326055700005,-7.099201198999936,0],[107.48318532700006,-7.099233882999954,0],[107.48306730000007,-7.099320598999952,0],[107.48300324600007,-7.099428545999956,0],[107.48287746000005,-7.099407698999926,0],[107.48283771300004,-7.099361282999951,0],[107.48276835600007,-7.099150031999955,0],[107.48267035200007,-7.098953280999979,0],[107.48273780400007,-7.098809446999951,0],[107.48288783900006,-7.098665171999926,0],[107.48287650900005,-7.098561213999972,0],[107.48273952800008,-7.098461516999976,0],[107.48260270100008,-7.09839051299997,0],[107.48248745600006,-7.098326566999958,0],[107.48250116400004,-7.098204540999973,0],[107.48257236000006,-7.098089381999955,0],[107.48263892700004,-7.097780558999943,0],[107.48270269200003,-7.097618810999961,0],[107.48287811100005,-7.09752102799996,0],[107.48315754200007,-7.09740116699993,0],[107.48340842100004,-7.097313740999937,0],[107.48347606500005,-7.097205773999974,0],[107.48345738000006,-7.097069574999978,0],[107.48335607500007,-7.09692664499994,0],[107.48325090900005,-7.09673351899994,0],[107.48307400900006,-7.096555124999952,0],[107.48291490800005,-7.096347940999976,0],[107.48273111500004,-7.096223385999963,0],[107.48262988700009,-7.096094801999925,0],[107.48263614500007,-7.095922600999927,0],[107.48270357700005,-7.095775180999965,0],[107.48283861500005,-7.095512619999965,0],[107.48289828900005,-7.095257636999975,0],[107.48289730900007,-7.095074713999963,0],[107.48287802900006,-7.094827326999962,0],[107.48299326800009,-7.094220537999945,0],[107.48301416300006,-7.094147326999973,0],[107.48304965900007,-7.094022960999951,0],[107.48316280700004,-7.09369595499993,0],[107.48334878500003,-7.093558660999975,0],[107.48351346900006,-7.093468108999957,0],[107.48359557100008,-7.093377998999927,0],[107.48358773600006,-7.093256088999965,0],[107.48349380500008,-7.09314898699995,0],[107.48331656100004,-7.092906031999973,0],[107.48318645500007,-7.092748907999976,0],[107.48289519800005,-7.092671555999971,0],[107.48275088400004,-7.092543201999945,0],[107.48273575300004,-7.092399809999961,0],[107.48273820900005,-7.092188174999933,0],[107.48274010800009,-7.091872523999939,0],[107.48269938200008,-7.091643184999953,0],[107.48263697900006,-7.091388854999934,0],[107.48260009300009,-7.091206123999939,0],[107.48263891600004,-7.091080377999958,0],[107.48268163800009,-7.091012,0],[107.48274578700006,-7.090921985999955,0],[107.48285672800006,-7.09085324299997,0],[107.48302116200006,-7.090716064999981,0],[107.48305994700007,-7.090583144999925,0],[107.48301269300003,-7.090475792999939,0],[107.48289071200008,-7.090494379999939,0],[107.48265058800007,-7.09057815999995,0],[107.48234925200006,-7.090629986999943,0],[107.48203649200008,-7.090559921999954,0],[107.48197865900005,-7.090488494999931,0],[107.48203171000006,-7.09033756499997,0],[107.48215695600004,-7.090257984999937,0],[107.48228911400008,-7.090128152999966,0],[107.48237807000004,-7.089977030999933,0],[107.48249056500003,-7.089528076999954,0],[107.48251464200007,-7.089330672999949,0],[107.48259636000006,-7.089168828999959,0],[107.48278621500003,-7.089085317999945,0],[107.48309116000007,-7.089037058999963,0],[107.48354300800008,-7.088930624999932,0],[107.48413419300005,-7.088694319999945,0],[107.48429837600008,-7.088510514999939,0],[107.48430835900007,-7.08836340199997,0],[107.48414918500004,-7.088141869999959,0],[107.48392976100007,-7.088067720999959,0],[107.48367420000005,-7.08795072199996,0],[107.48356558200004,-7.087782721999929,0],[107.48357510400007,-7.087549527999954,0],[107.48367728900007,-7.086969342999964,0],[107.48399854600007,-7.086513158999935,0],[107.48412325100009,-7.08598514199997,0],[107.48403170300008,-7.085494899999958,0],[107.48367216900004,-7.085171170999956,0],[107.48393309100004,-7.085175333999928,0]]]]}},{"type":"Feature","properties":{"OBJECTID":54,"NAMOBJ":"Cisondari","SRS_ID":"SRGI 2013","KDEPUM":"32.04.38.2005","KDPKAB":"32.04","KDPPUM":"32","TIPADM":2,"WADMKC":"Pasirjambu","WADMKD":"Cisondari","WADMKK":"Bandung","WADMPR":"Jawa Barat","WIADKD":"Cisondari","WIADKC":"Pasirjambu","WIADKK":"Bandung","WIADPR":"Jawa Barat","SHAPE_Leng":0.20981762942,"SHAPE_Area":0.00101579122,"LUASHA":1240.94628092},"geometry":{"type":"MultiPolygon","coordinates":[[[[107.48324607000006,-7.083020498999929,0],[107.48335112000007,-7.083459138999956,0],[107.48322467100007,-7.083554061999962,0],[107.48312490600006,-7.083698066999943,0],[107.48308294700007,-7.083908717999975,0],[107.48309853700005,-7.084138191999955,0],[107.48315237600008,-7.084357895999972,0],[107.48323460500006,-7.08451527699998,0],[107.48324548500005,-7.08475912199998,0],[107.48320810900009,-7.084931488999928,0],[107.48314177800006,-7.085060968999926,0],[107.48311889100006,-7.085257170999967,0],[107.48325357600004,-7.085376011999927,0],[107.48338728800007,-7.08531312599996,0],[107.483515,-7.085256000999948,0],[107.48367216900004,-7.085171170999956,0],[107.48403170300008,-7.085494899999958,0],[107.48412325100009,-7.08598514199997,0],[107.48399854600007,-7.086513158999935,0],[107.48367728900007,-7.086969342999964,0],[107.48357510400007,-7.087549527999954,0],[107.48356558200004,-7.087782721999929,0],[107.48367420000005,-7.08795072199996,0],[107.48392976100007,-7.088067720999959,0],[107.48414918500004,-7.088141869999959,0],[107.48430835900007,-7.08836340199997,0],[107.48429837600008,-7.088510514999939,0],[107.48413419300005,-7.088694319999945,0],[107.48354300800008,-7.088930624999932,0],[107.48309116000007,-7.089037058999963,0],[107.48278621500003,-7.089085317999945,0],[107.48259636000006,-7.089168828999959,0],[107.48251464200007,-7.089330672999949,0],[107.48249056500003,-7.089528076999954,0],[107.48237807000004,-7.089977030999933,0],[107.48228911400008,-7.090128152999966,0],[107.48215695600004,-7.090257984999937,0],[107.48203171000006,-7.09033756499997,0],[107.48197865900005,-7.090488494999931,0],[107.48203649200008,-7.090559921999954,0],[107.48234925200006,-7.090629986999943,0],[107.48265058800007,-7.09057815999995,0],[107.48289071200008,-7.090494379999939,0],[107.48301269300003,-7.090475792999939,0],[107.48305994700007,-7.090583144999925,0],[107.48302116200006,-7.090716064999981,0],[107.48285672800006,-7.09085324299997,0],[107.48274578700006,-7.090921985999955,0],[107.48268163800009,-7.091012,0],[107.48263891600004,-7.091080377999958,0],[107.48260009300009,-7.091206123999939,0],[107.48263697900006,-7.091388854999934,0],[107.48269938200008,-7.091643184999953,0],[107.48274010800009,-7.091872523999939,0],[107.48273820900005,-7.092188174999933,0],[107.48273575300004,-7.092399809999961,0],[107.48275088400004,-7.092543201999945,0],[107.48289519800005,-7.092671555999971,0],[107.48318645500007,-7.092748907999976,0],[107.48331656100004,-7.092906031999973,0],[107.48349380500008,-7.09314898699995,0],[107.48358773600006,-7.093256088999965,0],[107.48359557100008,-7.093377998999927,0],[107.48351346900006,-7.093468108999957,0],[107.48334878500003,-7.093558660999975,0],[107.48316280700004,-7.09369595499993,0],[107.48304965900007,-7.094022960999951,0],[107.48301416300006,-7.094147326999973,0],[107.48299326800009,-7.094220537999945,0],[107.48287802900006,-7.094827326999962,0],[107.48289730900007,-7.095074713999963,0],[107.48289828900005,-7.095257636999975,0],[107.48283861500005,-7.095512619999965,0],[107.48270357700005,-7.095775180999965,0],[107.48263614500007,-7.095922600999927,0],[107.48262988700009,-7.096094801999925,0],[107.48273111500004,-7.096223385999963,0],[107.48291490800005,-7.096347940999976,0],[107.48307400900006,-7.096555124999952,0],[107.48325090900005,-7.09673351899994,0],[107.48335607500007,-7.09692664499994,0],[107.48345738000006,-7.097069574999978,0],[107.48347606500005,-7.097205773999974,0],[107.48340842100004,-7.097313740999937,0],[107.48315754200007,-7.09740116699993,0],[107.48287811100005,-7.09752102799996,0],[107.48270269200003,-7.097618810999961,0],[107.48263892700004,-7.097780558999943,0],[107.48257236000006,-7.098089381999955,0],[107.48250116400004,-7.098204540999973,0],[107.48248745600006,-7.098326566999958,0],[107.48260270100008,-7.09839051299997,0],[107.48273952800008,-7.098461516999976,0],[107.48287650900005,-7.098561213999972,0],[107.48288783900006,-7.098665171999926,0],[107.48273780400007,-7.098809446999951,0],[107.48267035200007,-7.098953280999979,0],[107.48276835600007,-7.099150031999955,0],[107.48283771300004,-7.099361282999951,0],[107.48287746000005,-7.099407698999926,0],[107.48300324600007,-7.099428545999956,0],[107.48306730000007,-7.099320598999952,0],[107.48318532700006,-7.099233882999954,0],[107.48326055700005,-7.099201198999936,0],[107.48333269600005,-7.099261788999968,0],[107.48338024000009,-7.099422940999943,0],[107.48369662600004,-7.100167304999957,0],[107.48377982500006,-7.100281636999966,0],[107.48391701900005,-7.100420787999951,0],[107.48408614300007,-7.10048803199993,0],[107.48461872700005,-7.100703974999931,0],[107.48467285600009,-7.100753899999972,0],[107.48469107900007,-7.100804017999963,0],[107.48467034400005,-7.100954774999934,0],[107.48466061200008,-7.101148514999977,0],[107.48467217400008,-7.101295512999968,0],[107.48484241600005,-7.101570784999979,0],[107.48500509100006,-7.101774361999958,0],[107.48509914100003,-7.101902982999945,0],[107.48515820900008,-7.102203957999961,0],[107.48516963600008,-7.102325848999953,0],[107.48513398000006,-7.102372668999976,0],[107.48499377300004,-7.102341138999975,0],[107.48482084500006,-7.102234460999966,0],[107.48474550000009,-7.102245624999966,0],[107.48472117500006,-7.102396401999954,0],[107.48474072700009,-7.102694002999954,0],[107.48485659000005,-7.102872722999962,0],[107.48499731800007,-7.103001092999932,0],[107.48525354400005,-7.103240035999931,0],[107.48532967900007,-7.103375926999945,0],[107.48543830300008,-7.10354392499994,0],[107.48559351000006,-7.103693738999937,0],[107.48563731100006,-7.103826215999959,0],[107.48575624500006,-7.103908074999936,0],[107.48588516000007,-7.103842820999944,0],[107.48597813100008,-7.103770585999939,0],[107.48606693200009,-7.103590768999936,0],[107.48615594600005,-7.103450405999979,0],[107.48620247000008,-7.103421461999972,0],[107.48629945500005,-7.103428114999929,0],[107.48645767400006,-7.103470307999942,0],[107.48656975400007,-7.103613179999968,0],[107.48659567900006,-7.103760099999931,0],[107.48662533000004,-7.103932107999981,0],[107.48659438300007,-7.104186936999952,0],[107.48658795400007,-7.104326856999933,0],[107.48673661600009,-7.104595069999959,0],[107.48684105300003,-7.104651898999975,0],[107.48702077800004,-7.104686801999947,0],[107.48719675700005,-7.104693031999943,0],[107.48729326000006,-7.10461001699997,0],[107.48746130600006,-7.104476402999978,0],[107.48761184200004,-7.104425379999952,0],[107.48774162500007,-7.104521526999974,0],[107.48786088800006,-7.104664358999969,0],[107.48807508900006,-7.105100799999946,0],[107.48818757600009,-7.105318990999933,0],[107.48813427600004,-7.105423293999934,0],[107.48797354700008,-7.105581976999929,0],[107.48788443700005,-7.105704406999962,0],[107.48780982500006,-7.105851865999966,0],[107.48778160200004,-7.105945274999954,0],[107.48780384000008,-7.106074279999973,0],[107.48820238100006,-7.106735698999955,0],[107.48825668500007,-7.106817903999968,0],[107.48836463600009,-7.106860365999978,0],[107.48845716200009,-7.106705635999958,0],[107.48853190900007,-7.106583283999953,0],[107.48874738600006,-7.106589299999939,0],[107.48895998700004,-7.106728042999976,0],[107.48903264900008,-7.106885471999931,0],[107.48924260600006,-7.10719998299993,0],[107.48938742900003,-7.10742158599993,0],[107.48948505300007,-7.107546599999978,0],[107.48947488000005,-7.107657844999949,0],[107.48926714400005,-7.107755804999954,0],[107.48899207400007,-7.108019119999938,0],[107.48880970400006,-7.108159984999929,0],[107.48868484200005,-7.108311300999958,0],[107.48867142600005,-7.108487126999933,0],[107.48870833700005,-7.10867344199994,0],[107.48884200200007,-7.108823369999925,0],[107.48905632800006,-7.108837760999961,0],[107.48932847100008,-7.108697608999933,0],[107.48945189100004,-7.108500866999975,0],[107.48962357200008,-7.108375601999967,0],[107.48982027300008,-7.108451062999961,0],[107.49000894500006,-7.108813510999937,0],[107.49011085400008,-7.109955956999954,0],[107.49015510200007,-7.110170926999956,0],[107.49031360700008,-7.110265722999941,0],[107.49053329300006,-7.11016411099996,0],[107.49100633200004,-7.109989399999961,0],[107.49157537900004,-7.109861996999939,0],[107.49200749600004,-7.110089226999946,0],[107.49296162100006,-7.111231864999979,0],[107.49311145400009,-7.111494089999951,0],[107.49328154800008,-7.111961847999964,0],[107.49337877000005,-7.112233919999937,0],[107.49358080300004,-7.11240977999995,0],[107.49385848200006,-7.112408284999958,0],[107.49393914700005,-7.112273942999934,0],[107.49412861000008,-7.111895113999935,0],[107.49432350500007,-7.111635815999932,0],[107.49460043400006,-7.111495634999926,0],[107.49483484300004,-7.111460894999936,0],[107.49506073600008,-7.11162227899996,0],[107.49511489700006,-7.111899364999942,0],[107.49523796900007,-7.112525193999943,0],[107.49533030200007,-7.112778161999927,0],[107.49556204300006,-7.113135590999946,0],[107.49567753900004,-7.113244962999943,0],[107.49577349600008,-7.113282704999961,0],[107.49581081500008,-7.113100773999975,0],[107.49580936800004,-7.112832967999964,0],[107.49587587700006,-7.112736961999929,0],[107.49611986100007,-7.112702169999977,0],[107.49644991800005,-7.112647783999932,0],[107.49690934200004,-7.112611829999935,0],[107.49746032400009,-7.112685375999945,0],[107.49760894500008,-7.112722832999964,0],[107.49765757000006,-7.112861258999942,0],[107.49753410200009,-7.113048437999964,0],[107.49754476400005,-7.113249239999959,0],[107.49777050300008,-7.113381927999967,0],[107.49784769800004,-7.113491505999946,0],[107.49785323600008,-7.113630164999961,0],[107.49787828600006,-7.113835671999936,0],[107.49794621700005,-7.114002687999971,0],[107.49804274400009,-7.114145638999958,0],[107.49814455100005,-7.114379424999981,0],[107.49822718100006,-7.114608532999966,0],[107.49829552700004,-7.11485206499998,0],[107.49834417800008,-7.114995272999977,0],[107.49844434600004,-7.114926184999945,0],[107.49854897400007,-7.114796496999929,0],[107.49857924900004,-7.11466758499995,0],[107.49861954600004,-7.114566561999936,0],[107.49874156000004,-7.114494153999942,0],[107.49880597600009,-7.114512948999959,0],[107.49889954100007,-7.114550702999964,0],[107.49901772900006,-7.114715056999955,0],[107.49905896200005,-7.114814466999974,0],[107.49911232900007,-7.114944098999956,0],[107.49916808400008,-7.115072921999968,0],[107.49926437900007,-7.115172831999928,0],[107.49935324700004,-7.115227348999952,0],[107.49943248300008,-7.115271556999971,0],[107.50001020000008,-7.11497671199993,0],[107.50009360800004,-7.115349285999969,0],[107.50006628100004,-7.115607680999972,0],[107.50001004700005,-7.115832755999975,0],[107.49994418600005,-7.116048317999969,0],[107.49990676600004,-7.116211119999946,0],[107.49998445500006,-7.11641155999996,0],[107.50026249700005,-7.116477010999972,0],[107.50064097400008,-7.11652278899993,0],[107.50085731500008,-7.116499489999967,0],[107.50097649200006,-7.117180407999967,0],[107.50105373000008,-7.117241900999943,0],[107.50137689300004,-7.117703767999956,0],[107.50150392800003,-7.117885325999964,0],[107.50160336100004,-7.118027434999931,0],[107.50163045000005,-7.118114687999935,0],[107.50170185600007,-7.118277481999939,0],[107.50168140000005,-7.11834203799998,0],[107.50156911200008,-7.118383294999944,0],[107.50147086300007,-7.118364696999947,0],[107.50138940300008,-7.118351985999936,0],[107.50128533100008,-7.11836330899996,0],[107.50103859500007,-7.118332361999933,0],[107.50097408500005,-7.118355426999926,0],[107.50095157100009,-7.118397394999931,0],[107.50089953600008,-7.118513647999976,0],[107.50093674300007,-7.11853257599995,0],[107.50102185900005,-7.118557223999971,0],[107.50107572600007,-7.118558127999961,0],[107.50116190900007,-7.118558856999925,0],[107.50120668200009,-7.118587676999937,0],[107.50132745500008,-7.118699378999963,0],[107.50133403100006,-7.118736069999954,0],[107.50135847500007,-7.118829192999954,0],[107.50143841100004,-7.118988877999925,0],[107.50160126600008,-7.119015587999968,0],[107.50165656900003,-7.119060720999926,0],[107.50174436900005,-7.119230499999958,0],[107.50193544500007,-7.119500384999981,0],[107.50197424500004,-7.119592234999971,0],[107.50206079800006,-7.119661110999971,0],[107.50211945900008,-7.119663184999979,0],[107.50237326100006,-7.119544013999928,0],[107.50268008200004,-7.119576096999936,0],[107.50297908300007,-7.119925149999972,0],[107.50328460300005,-7.120334426999932,0],[107.50335865200009,-7.120565699999929,0],[107.50323879700005,-7.121493249999958,0],[107.50287219400008,-7.121542071999954,0],[107.50282660600004,-7.121588710999958,0],[107.50278841100004,-7.121707961999959,0],[107.50297753400008,-7.122267070999953,0],[107.50288800100009,-7.122663501999966,0],[107.50294451300005,-7.12273124799998,0],[107.50311328700008,-7.122743384999978,0],[107.50371876500009,-7.122512158999939,0],[107.50380518000009,-7.122507848999931,0],[107.50392642400004,-7.122572872999967,0],[107.50405514400006,-7.122641905999956,0],[107.50406948400007,-7.12279407099993,0],[107.50405652600006,-7.122954335999964,0],[107.50390315700008,-7.123058593999929,0],[107.50383246600006,-7.123112330999959,0],[107.50378961200005,-7.123191731999952,0],[107.50380023100007,-7.123244280999927,0],[107.50385966600004,-7.123270800999933,0],[107.50392160800004,-7.123282307999943,0],[107.50444194000005,-7.123146031999966,0],[107.50469101300007,-7.123199026999941,0],[107.50475320200007,-7.123248377999971,0],[107.50482940200004,-7.123392489999958,0],[107.50465327700005,-7.12389475599997,0],[107.50451135800006,-7.123993926999958,0],[107.50448571100009,-7.124069832999965,0],[107.50450184600004,-7.124147887999925,0],[107.50459187200005,-7.124260988999936,0],[107.50487346800008,-7.124452025999972,0],[107.50543296500007,-7.124703183999941,0],[107.50548395000004,-7.124809939999977,0],[107.50551775600007,-7.125047846999962,0],[107.50561498900004,-7.125220041999967,0],[107.50577024800003,-7.12532762799998,0],[107.50580264500007,-7.125338,0],[107.50609823800005,-7.125432633999935,0],[107.50613264400005,-7.125580151999941,0],[107.50609212200004,-7.125703086999977,0],[107.50592822400006,-7.125901757999941,0],[107.50570861800009,-7.126128408999932,0],[107.50557245400006,-7.126395723999963,0],[107.50548302300007,-7.126641759999927,0],[107.50543826800003,-7.126971017999949,0],[107.50557576800009,-7.127301236999926,0],[107.50558611300005,-7.127506386999926,0],[107.50544474700007,-7.127587923999954,0],[107.50507223800008,-7.127562133999959,0],[107.50502329600005,-7.127751415999967,0],[107.50509045700005,-7.128006599999935,0],[107.50521813100005,-7.12816208299995,0],[107.50542468600008,-7.12820955799998,0],[107.50516059900008,-7.128543865999973,0],[107.50516803000005,-7.128564240999935,0],[107.50523945200007,-7.128866760999927,0],[107.50495464100004,-7.129646992999938,0],[107.50473979800006,-7.129942129999961,0],[107.50447038600004,-7.130471909999926,0],[107.50440760600009,-7.131135405999942,0],[107.50387109400003,-7.131595116999961,0],[107.50365294000005,-7.131650646999958,0],[107.50359320500007,-7.132002700999976,0],[107.50371717700006,-7.132645582999942,0],[107.50308358100006,-7.132600630999946,0],[107.50280776000005,-7.132805231999953,0],[107.50158118300004,-7.133171926999978,0],[107.50129134900004,-7.133896652999965,0],[107.50113203600006,-7.134605166999961,0],[107.49907089100009,-7.135758505999945,0],[107.49835025700008,-7.135686058999966,0],[107.49774729800004,-7.13618482399994,0],[107.49713451800005,-7.135854864999942,0],[107.49650997800006,-7.135851698999943,0],[107.49587497000005,-7.136622779999925,0],[107.49490523000009,-7.137144115999945,0],[107.49362062800009,-7.137411829999962,0],[107.49363680400006,-7.138383884999939,0],[107.49448382100007,-7.140142194999953,0],[107.49435523600005,-7.140722997999944,0],[107.49240760600009,-7.141975843999944,0],[107.49219232300004,-7.143039398999974,0],[107.49239147700007,-7.144654809999963,0],[107.49230876600006,-7.145827400999963,0],[107.49123068500006,-7.146287472999973,0],[107.49019226500008,-7.147161488999927,0],[107.48937118100008,-7.147542344999977,0],[107.48784753500007,-7.148519349999958,0],[107.48638666100004,-7.15012573599995,0],[107.48597045900004,-7.150928741999962,0],[107.48524673000009,-7.150901351999948,0],[107.48342216700007,-7.150221443999953,0],[107.48164697500005,-7.149054181999929,0],[107.48077045800005,-7.147682078999935,0],[107.47978407300008,-7.146622605999937,0],[107.47824904600009,-7.145638401999975,0],[107.47745170500008,-7.145581036999943,0],[107.47699352800004,-7.145392693999952,0],[107.47527331500004,-7.145744021999974,0],[107.47360072100008,-7.146406985999931,0],[107.47489387300004,-7.145405376999975,0],[107.47530661600007,-7.144496188999938,0],[107.47484425900006,-7.143776679999974,0],[107.47427804700004,-7.142771865999975,0],[107.47419903400004,-7.142094576999966,0],[107.47450381500005,-7.141360821999967,0],[107.47480860100006,-7.14085285699997,0],[107.47468442700006,-7.140209421999941,0],[107.47507951700004,-7.139938500999961,0],[107.47492147800006,-7.139498257999946,0],[107.47507951600005,-7.139091876999942,0],[107.47497209800008,-7.138905263999959,0],[107.47501884000008,-7.138651532999972,0],[107.47514793400006,-7.138500194999949,0],[107.47521945600005,-7.138436714999955,0],[107.47522154200004,-7.138434862999929,0],[107.47532597400004,-7.138342172999955,0],[107.47552627300007,-7.138239794999947,0],[107.47541988900008,-7.138077505999945,0],[107.47539496800005,-7.138039487999947,0],[107.47522137600004,-7.137879259999977,0],[107.47511231500005,-7.137703432999956,0],[107.47517240400003,-7.137380716999928,0],[107.47542393700007,-7.137142934999929,0],[107.47553134900005,-7.136560888999952,0],[107.47558863700004,-7.136250461999964,0],[107.47559992500004,-7.136049671999956,0],[107.47561979300008,-7.135696281999969,0],[107.47546622800007,-7.135520454999948,0],[107.47539500500005,-7.135386922999942,0],[107.47547513300009,-7.135248934999936,0],[107.47549739100003,-7.135008565999954,0],[107.47556860200007,-7.134850550999943,0],[107.47571771800006,-7.134814938999966,0],[107.47598034200007,-7.134797138999943,0],[107.47625631400007,-7.134812723999971,0],[107.47649889900003,-7.134725917999958,0],[107.47673481700008,-7.134570123999936,0],[107.47676052600008,-7.134453164999968,0],[107.47672084400006,-7.13425476599997,0],[107.47665973500006,-7.134224598999936,0],[107.47647972100003,-7.134135730999958,0],[107.47650413600007,-7.133842715999947,0],[107.47662012400008,-7.133665685999972,0],[107.47657739800007,-7.133519174999947,0],[107.47669643500006,-7.133418454999969,0],[107.47669364800004,-7.133411972999966,0],[107.47655603200008,-7.133091861999958,0],[107.47658960500007,-7.132936201999939,0],[107.47671592900008,-7.132671491999929,0],[107.47668051000005,-7.13227861699994,0],[107.47692875800004,-7.131900560999952,0],[107.47685493200004,-7.131225576999952,0],[107.47652393400006,-7.130918104999978,0],[107.47645903600005,-7.130475956999931,0],[107.47657342000008,-7.130133595999951,0],[107.47650852300006,-7.129454555999928,0],[107.47660181900005,-7.129126801999973,0],[107.47674135400007,-7.128914246999955,0],[107.47677786200006,-7.128926821999926,0],[107.47712184500006,-7.128975091999962,0],[107.47714212600005,-7.128694388999975,0],[107.47686749900004,-7.128148604999978,0],[107.47662946200006,-7.128017842999952,0],[107.47640624200005,-7.128115009999931,0],[107.47608081700008,-7.128102110999976,0],[107.47565420900008,-7.127923572999975,0],[107.47553825800009,-7.127806176999968,0],[107.47547829900009,-7.127695646999939,0],[107.47547795300005,-7.127586593999979,0],[107.47558094000004,-7.127244951999955,0],[107.47584486600005,-7.12630057299998,0],[107.47603767400005,-7.125734802999943,0],[107.47607856400003,-7.125683240999933,0],[107.47551341400003,-7.12489871899993,0],[107.47546637700009,-7.124888489999933,0],[107.47506590900008,-7.12487952999993,0],[107.47503246500008,-7.124794707999968,0],[107.47503287300009,-7.124647644999925,0],[107.47504573900005,-7.124549625999975,0],[107.47518744300004,-7.124426407999977,0],[107.47549493700006,-7.124237089999951,0],[107.47555542900005,-7.123813655999925,0],[107.47518353300006,-7.123456869999927,0],[107.47513311700004,-7.12316393499998,0],[107.47515999800004,-7.122846913999979,0],[107.47529238300007,-7.122730713999943,0],[107.47557342400006,-7.122600632999934,0],[107.47564772100009,-7.12250968099994,0],[107.47569200500004,-7.122006474999978,0],[107.47584363900006,-7.121498651999957,0],[107.47577013500006,-7.121192485999927,0],[107.47605514200006,-7.120125404999953,0],[107.47604594400008,-7.120119735999936,0],[107.47578018000007,-7.119955928999957,0],[107.47567834900008,-7.119943865999971,0],[107.47557951600004,-7.119763192999926,0],[107.47566373300003,-7.119507240999951,0],[107.47568423200005,-7.118962326999963,0],[107.47580075800005,-7.117937710999968,0],[107.47573417600006,-7.117695494999964,0],[107.47573666700004,-7.117534018999947,0],[107.47613702300004,-7.116870640999934,0],[107.47618618500007,-7.116432705999955,0],[107.47609125000008,-7.116039124999929,0],[107.47609592800006,-7.115832646999934,0],[107.47614618300008,-7.11508775599998,0],[107.47613285900007,-7.114719022999964,0],[107.47637423600008,-7.113807605999966,0],[107.47634510600005,-7.113170856999943,0],[107.47644930200005,-7.112955322999937,0],[107.47658246700007,-7.112752991999969,0],[107.47665885900005,-7.112603311999976,0],[107.47662273300006,-7.112502147999976,0],[107.47635007900004,-7.112168544999975,0],[107.47627175700006,-7.112072713999964,0],[107.47630272200007,-7.111961224999959,0],[107.47644001900005,-7.111776452999948,0],[107.47707177000007,-7.111150882999937,0],[107.47708312800006,-7.110961974999952,0],[107.47705318700008,-7.110703902999944,0],[107.47705422100006,-7.110478862999969,0],[107.47715021900007,-7.110271372999932,0],[107.47727047900008,-7.110112916999981,0],[107.47735391400005,-7.110002983999948,0],[107.47774951500008,-7.109640059999947,0],[107.47786094200006,-7.109223690999954,0],[107.47797364100006,-7.109111033999966,0],[107.47808693000007,-7.10890689799993,0],[107.47807101700005,-7.108775584999933,0],[107.47794338900007,-7.108448868999972,0],[107.47796287400007,-7.108235114999957,0],[107.47798656800006,-7.108207723999953,0],[107.47800604600008,-7.108175943999981,0],[107.47811747200006,-7.107994146999943,0],[107.47830267200004,-7.107796650999944,0],[107.47841547400009,-7.107711894999966,0],[107.47843380600006,-7.107690701999957,0],[107.47876921200009,-7.107558983999979,0],[107.47908795400008,-7.107038545999956,0],[107.47897935300006,-7.106149539999933,0],[107.47913020000004,-7.105887629999927,0],[107.47914987000007,-7.105864609999969,0],[107.47916395000004,-7.105851159999929,0],[107.47918355000007,-7.10583429999997,0],[107.47919701000006,-7.105815469999925,0],[107.47921065000008,-7.105799839999975,0],[107.47922224000007,-7.105785099999935,0],[107.47923651000008,-7.105769589999966,0],[107.47924595000006,-7.105747939999958,0],[107.47925686000008,-7.105725269999937,0],[107.47927092000003,-7.105706859999941,0],[107.47929108000005,-7.105690289999927,0],[107.47931543000004,-7.105664109999964,0],[107.47932493000008,-7.105637469999976,0],[107.47932764000007,-7.105618149999941,0],[107.47932029000003,-7.105600569999979,0],[107.47933675000007,-7.105577719999928,0],[107.47933662000008,-7.105547349999938,0],[107.47932905000005,-7.105524439999954,0],[107.47931558000005,-7.105498869999963,0],[107.47928697000003,-7.105484309999952,0],[107.47926773000006,-7.105487989999972,0],[107.47926478000005,-7.10546525999996,0],[107.47926052000008,-7.105433869999956,0],[107.47925058000004,-7.105404759999942,0],[107.47925310000005,-7.105368189999979,0],[107.47925437000004,-7.10533608999998,0],[107.47925729000008,-7.105306239999948,0],[107.47924955000008,-7.105278089999956,0],[107.47924257000005,-7.10526090999997,0],[107.47922831000005,-7.105232679999972,0],[107.47922630000005,-7.105200139999965,0],[107.47922235000004,-7.105163119999929,0],[107.47920582000006,-7.105148649999933,0],[107.47919151000008,-7.105132279999964,0],[107.47917169000004,-7.105109609999943,0],[107.47917444000007,-7.10508423999994,0],[107.47917746000007,-7.105051259999925,0],[107.47918052000006,-7.105032729999948,0],[107.47918924000004,-7.105003469999929,0],[107.47919107000007,-7.10497565999998,0],[107.47920384000008,-7.104954459999931,0],[107.47922099000004,-7.104935859999955,0],[107.47923995000008,-7.104917529999966,0],[107.47925563000007,-7.104897859999937,0],[107.47927591000007,-7.104877429999931,0],[107.47929284000008,-7.104866469999934,0],[107.47931522000005,-7.104843329999937,0],[107.47933852000006,-7.104824649999955,0],[107.47935450000006,-7.104802899999981,0],[107.47937558000007,-7.104783459999965,0],[107.47939614000006,-7.104770909999957,0],[107.47940988000005,-7.104739169999959,0],[107.47941846000003,-7.104715109999972,0],[107.47942886000004,-7.104693719999943,0],[107.47943868000004,-7.104665529999977,0],[107.47944203000009,-7.104646239999965,0],[107.47944753000007,-7.104625059999933,0],[107.47946163000006,-7.104596209999954,0],[107.47948552000008,-7.104571819999933,0],[107.47951681000006,-7.104568809999932,0],[107.47954817000004,-7.104557099999965,0],[107.47957004000006,-7.104560019999951,0],[107.47958270000004,-7.104546269999958,0],[107.47960281000007,-7.104524179999942,0],[107.47962054000004,-7.10450002999994,0],[107.47962566000007,-7.104472359999932,0],[107.47962923000006,-7.104438319999929,0],[107.47964948000003,-7.104413219999969,0],[107.47966401000008,-7.104388319999941,0],[107.47968110000005,-7.10436311999996,0],[107.47971127000005,-7.104351469999926,0],[107.47973857000005,-7.104366569999968,0],[107.47976660000006,-7.104357949999951,0],[107.47977920000005,-7.104344219999973,0],[107.47979683000005,-7.104328469999928,0],[107.47981177000008,-7.104308799999956,0],[107.47982092000007,-7.104278879999981,0],[107.47983034000003,-7.104263059999937,0],[107.47983696000006,-7.104245529999957,0],[107.47986292000007,-7.10422430999995,0],[107.47988159000005,-7.104216699999938,0],[107.47990997000005,-7.104209349999962,0],[107.47993860000008,-7.104189909999945,0],[107.47995805000005,-7.104171299999962,0],[107.47997584000007,-7.104158069999926,0],[107.47999388000005,-7.104135449999944,0],[107.48006337800007,-7.104150967999942,0],[107.48020817700007,-7.104094819999943,0],[107.48027989400003,-7.104076501999941,0],[107.48041153500009,-7.104072808999945,0],[107.48043806400005,-7.103997940999932,0],[107.48044339100005,-7.103875362999929,0],[107.4805,-7.103778,0],[107.48048036600005,-7.103167388999964,0],[107.48066096900004,-7.102598805999946,0],[107.48059389800005,-7.102044037999974,0],[107.48064964200006,-7.101921193999942,0],[107.48067022000004,-7.101785499999949,0],[107.48068738000006,-7.101778149999973,0],[107.48070688000007,-7.101774269999964,0],[107.48072793000006,-7.10176735999994,0],[107.48076004000006,-7.101761469999929,0],[107.48079792000004,-7.101764199999934,0],[107.48081843000006,-7.101766819999966,0],[107.48083778000006,-7.101764079999953,0],[107.48085943000007,-7.101752749999946,0],[107.48088151000007,-7.10172794999994,0],[107.48088277000005,-7.101702789999933,0],[107.48086798000008,-7.101681049999968,0],[107.48085337000003,-7.101669299999969,0],[107.48083161000005,-7.101651299999958,0],[107.48081571000006,-7.101640089999933,0],[107.48078981000003,-7.101616899999954,0],[107.48075964000009,-7.101593869999931,0],[107.48073152000006,-7.101576419999958,0],[107.48070922000005,-7.10154936999993,0],[107.48067233000006,-7.101543439999944,0],[107.48064988000004,-7.101536719999956,0],[107.48061340000004,-7.101525179999953,0],[107.48057675000007,-7.101523289999932,0],[107.48054594000007,-7.101517029999968,0],[107.48053188000006,-7.101502449999941,0],[107.48051927000006,-7.101484389999939,0],[107.48050806000003,-7.101469489999943,0],[107.48048418000008,-7.101452539999968,0],[107.48047955000004,-7.101419429999964,0],[107.48048242000004,-7.101401359999954,0],[107.48047988000008,-7.101378389999979,0],[107.48047249000007,-7.101348769999959,0],[107.48048078000005,-7.101327319999939,0],[107.48049495000004,-7.101295309999955,0],[107.48048626000008,-7.101261929999964,0],[107.48047629000007,-7.101245669999969,0],[107.48046886000009,-7.101225969999973,0],[107.48045892000005,-7.101207289999934,0],[107.48043684000004,-7.101181609999969,0],[107.48041949000009,-7.10114896999994,0],[107.48040085000008,-7.10112356999997,0],[107.48039514000004,-7.10109609999995,0],[107.48038844000007,-7.101067229999956,0],[107.48038566000008,-7.101040089999969,0],[107.48038065300005,-7.101024061999965,0],[107.480378,-7.101015569999959,0],[107.48036729000006,-7.100998509999954,0],[107.48035071000004,-7.100984839999967,0],[107.48034304000004,-7.100960049999969,0],[107.48034489000008,-7.100939149999931,0],[107.48033597000006,-7.100921729999925,0],[107.48032294000006,-7.100897169999939,0],[107.48031542000007,-7.10087201999994,0],[107.48031594000008,-7.100846599999954,0],[107.48031546000004,-7.100820929999941,0],[107.48029433000005,-7.100823229999946,0],[107.48027818000008,-7.100797569999941,0],[107.48026675000006,-7.100781859999927,0],[107.48026398000007,-7.100761209999973,0],[107.48025933000008,-7.100727289999952,0],[107.48025390000004,-7.100699499999962,0],[107.48026852000004,-7.100672319999944,0],[107.48026213000009,-7.100633659999971,0],[107.48025525000008,-7.100603799999931,0],[107.48025778800007,-7.100590713999964,0],[107.48026316000005,-7.100563009999973,0],[107.48027350000007,-7.100532959999953,0],[107.48027277000006,-7.100500579999959,0],[107.48027273400004,-7.100496180999926,0],[107.48027255000005,-7.100473569999963,0],[107.48027508000007,-7.100453309999978,0],[107.48027197000005,-7.100428689999944,0],[107.48026789000005,-7.100408509999966,0],[107.48026603000005,-7.100382539999941,0],[107.48025830000006,-7.100356839999961,0],[107.48025641000004,-7.100333029999945,0],[107.48025379000006,-7.100307289999932,0],[107.48025346000009,-7.100286869999934,0],[107.48025482000008,-7.100264599999946,0],[107.48024421000008,-7.10024870999996,0],[107.48023265000006,-7.100233719999949,0],[107.48022212000006,-7.100218949999942,0],[107.48021334000003,-7.100199759999953,0],[107.48021222000006,-7.100179209999965,0],[107.48020563000006,-7.100159969999936,0],[107.48019713000008,-7.100142139999946,0],[107.48018920000004,-7.100124539999968,0],[107.48018362000005,-7.100104119999969,0],[107.48018321000006,-7.10008167999996,0],[107.48017647000006,-7.100062709999975,0],[107.48016755000003,-7.100041709999971,0],[107.48015350000009,-7.100023649999969,0],[107.48014675000007,-7.100003509999965,0],[107.48014047000004,-7.099982549999936,0],[107.48013732000004,-7.099960049999936,0],[107.48013655000005,-7.099937919999945,0],[107.48013933000004,-7.09991698999994,0],[107.48013918000004,-7.099898569999937,0],[107.48013258000009,-7.099877349999929,0],[107.48012647000007,-7.099857539999959,0],[107.48011733000004,-7.099837229999935,0],[107.48010986000008,-7.099817739999935,0],[107.48010350000004,-7.099796399999946,0],[107.48009786000006,-7.099774669999931,0],[107.48008848000006,-7.099754399999938,0],[107.48007834000003,-7.09973188999993,0],[107.48006927000006,-7.099710929999958,0],[107.48005784000009,-7.099689459999979,0],[107.48005118000003,-7.099669989999938,0],[107.48004202000004,-7.099650369999949,0],[107.48003409000006,-7.099629159999949,0],[107.48003127000004,-7.099605819999965,0],[107.48003262700007,-7.099587605999943,0],[107.48003302000006,-7.099582329999976,0],[107.48003893000003,-7.099562779999928,0],[107.48005150000006,-7.099547879999932,0],[107.48006064000003,-7.099526949999927,0],[107.48007273000007,-7.09949064999995,0],[107.48007655000004,-7.099469879999958,0],[107.48008032000007,-7.099450309999952,0],[107.48008342000008,-7.099428339999974,0],[107.48008910000004,-7.099405709999928,0],[107.48009634000005,-7.099384519999944,0],[107.48010752000005,-7.09936394999994,0],[107.48011249000007,-7.099341759999959,0],[107.48011651000007,-7.099321329999952,0],[107.48011723000008,-7.099300429999971,0],[107.48011882000009,-7.099277779999966,0],[107.48012266000006,-7.099255779999964,0],[107.48012330000006,-7.099235329999942,0],[107.48012195000007,-7.09921369999995,0],[107.48012136000006,-7.099193749999927,0],[107.48012604000007,-7.099167539999939,0],[107.48012226000009,-7.099146779999955,0],[107.48010994000003,-7.099123089999978,0],[107.48010014000005,-7.099102539999933,0],[107.48009489000003,-7.099080569999956,0],[107.48008559000004,-7.099062969999977,0],[107.48007238000008,-7.099045979999971,0],[107.48006164000009,-7.099026949999939,0],[107.48005214000005,-7.099007569999969,0],[107.48004609000009,-7.098987889999933,0],[107.48004427000006,-7.098968559999946,0],[107.48005071000006,-7.098946299999966,0],[107.48005445000007,-7.098925019999967,0],[107.48005874000006,-7.098899219999964,0],[107.48005777000009,-7.09886427999993,0],[107.48004784000005,-7.098830819999932,0],[107.48004193000008,-7.098822709999979,0],[107.48003532000007,-7.098813639999946,0],[107.48001087000006,-7.098781389999942,0],[107.47999166000005,-7.098770789999946,0],[107.47996778000004,-7.098758699999962,0],[107.47994620000009,-7.098748349999937,0],[107.47992690000007,-7.098735499999975,0],[107.47990831000004,-7.098724839999932,0],[107.47988605000006,-7.098717599999929,0],[107.47986338000004,-7.098711609999953,0],[107.47983988000004,-7.098709679999956,0],[107.47981427000008,-7.098707919999981,0],[107.47979329000009,-7.098713739999937,0],[107.47977511000005,-7.098727029999964,0],[107.47975963000005,-7.09873781999994,0],[107.47974597000007,-7.098753009999939,0],[107.47973565000007,-7.098772679999968,0],[107.47972438000005,-7.098792079999953,0],[107.47971274000008,-7.098817929999939,0],[107.47970269000007,-7.098839969999972,0],[107.47969103000008,-7.09885461999994,0],[107.47968004000006,-7.098869749999949,0],[107.47967119000003,-7.098886509999943,0],[107.47966434000006,-7.098903319999977,0],[107.47966058000009,-7.098923369999966,0],[107.47965683000007,-7.098941889999935,0],[107.47965056000004,-7.098960859999977,0],[107.47963819000006,-7.098977249999962,0],[107.47962344000007,-7.098992839999937,0],[107.47960382000008,-7.099004669999943,0],[107.47958205000003,-7.09901487999997,0],[107.47954360000006,-7.099027579999927,0],[107.47952045000005,-7.099028379999936,0],[107.47950068000006,-7.099027809999939,0],[107.47947834000007,-7.09903184999996,0],[107.47943940000005,-7.09901487999997,0],[107.47942054000004,-7.098973939999951,0],[107.47941598000006,-7.098926629999937,0],[107.47940412000008,-7.098842109999964,0],[107.47939229000008,-7.09879546999997,0],[107.47938445000005,-7.098745569999949,0],[107.47938761000006,-7.098644309999941,0],[107.47909313900004,-7.098723061999976,0],[107.47912476300007,-7.098593766999954,0],[107.47910531100007,-7.098314097999946,0],[107.47918311400008,-7.098091298999975,0],[107.47919962600008,-7.09782219899995,0],[107.47909407700007,-7.097557336999955,0],[107.47890034000005,-7.097349159999965,0],[107.47867734000005,-7.097224,0],[107.47868791200005,-7.096360283999957,0],[107.47824746500004,-7.096190243999956,0],[107.47807617500007,-7.096011181999927,0],[107.47806729900009,-7.095694391999928,0],[107.47806080900006,-7.095599972999935,0],[107.47807820500009,-7.09549586199995,0],[107.47805592600008,-7.095358485999952,0],[107.47798984300005,-7.095311014999936,0],[107.47786444800005,-7.095139515999961,0],[107.47776766900006,-7.094947538999975,0],[107.47770259100008,-7.094864193999967,0],[107.47751213100008,-7.094611740999937,0],[107.47746094800004,-7.094664620999936,0],[107.47743112100005,-7.094637759999955,0],[107.47736920200003,-7.094607960999952,0],[107.47734482400006,-7.094615264999959,0],[107.47731458700008,-7.094601078999972,0],[107.47725971100004,-7.094545416999949,0],[107.47719752300009,-7.094465403999948,0],[107.47715840000006,-7.094401049999931,0],[107.47713950600007,-7.094359542999939,0],[107.47714784000004,-7.094328364999967,0],[107.47714795500008,-7.094327933999978,0],[107.47717650300007,-7.094294782999953,0],[107.47724157100004,-7.094253673999958,0],[107.47724521100008,-7.094251373999953,0],[107.47726581500007,-7.094219589999966,0],[107.47727227700005,-7.094209621999937,0],[107.47732816000007,-7.094184932999951,0],[107.47742156100009,-7.094193042999962,0],[107.47746029300004,-7.094184227999961,0],[107.47748420900007,-7.094160080999927,0],[107.47749315000004,-7.094151053999951,0],[107.47750157500008,-7.094115140999975,0],[107.47753981600005,-7.094014504999961,0],[107.47757652100006,-7.093895225999972,0],[107.47760907800006,-7.093806098999949,0],[107.47762758800008,-7.093775870999934,0],[107.47766460000008,-7.093713979999961,0],[107.47767872500003,-7.093669426999952,0],[107.47769160000007,-7.093634962999943,0],[107.47769430000005,-7.093627736999963,0],[107.47774727200004,-7.09359588999996,0],[107.47782608800009,-7.093562470999927,0],[107.47790361400007,-7.093556317999969,0],[107.47803140700006,-7.093549896999946,0],[107.47809884800006,-7.093538058999968,0],[107.47816173500007,-7.093480333999935,0],[107.47826808900004,-7.093369523999968,0],[107.47829599600004,-7.093340447999935,0],[107.47833824000008,-7.093290680999928,0],[107.47834737800008,-7.093279914999925,0],[107.47839638000005,-7.093202076999944,0],[107.47839722300006,-7.09320073799995,0],[107.47842512800008,-7.093165084999953,0],[107.47846562100005,-7.093097478999937,0],[107.47809895000006,-7.092931993999969,0],[107.47805663300005,-7.092912895999973,0],[107.47804202000003,-7.092917070999931,0],[107.47780044700005,-7.092712740999957,0],[107.47775705100008,-7.092676034999954,0],[107.47770945500008,-7.092600306999941,0],[107.47761950800009,-7.092615542999965,0],[107.47751464800007,-7.092613232999952,0],[107.47743828300008,-7.092567728999938,0],[107.47735757000004,-7.092515074999937,0],[107.47731269400003,-7.092449316999932,0],[107.47727200400004,-7.092360579999934,0],[107.47726835900005,-7.092347078999978,0],[107.47724742000008,-7.092269525999939,0],[107.47721001100007,-7.092212335999932,0],[107.47717157700004,-7.092187432999935,0],[107.47712960400008,-7.092172113999936,0],[107.47710421400006,-7.092124424999952,0],[107.47716717500003,-7.09203561399994,0],[107.47725116500004,-7.091962656999954,0],[107.47738459900006,-7.09184716599998,0],[107.47761588000009,-7.091676154999959,0],[107.47783662000006,-7.091548241999931,0],[107.47807181100006,-7.091436990999966,0],[107.47815798400006,-7.091436530999943,0],[107.47829787500007,-7.091409480999971,0],[107.47838018200008,-7.091357629999948,0],[107.47862366200008,-7.091229595999948,0],[107.47887552500003,-7.091102711999952,0],[107.47913801900006,-7.090949467999963,0],[107.47925017500006,-7.090839112999959,0],[107.47950359400005,-7.090555594999955,0],[107.47969523000006,-7.090357296999969,0],[107.47981650900005,-7.090207197999973,0],[107.48001525000006,-7.089994513999955,0],[107.48016714700009,-7.089750993999928,0],[107.48024523600009,-7.089581995999936,0],[107.48038583700009,-7.089240495999945,0],[107.48048235300007,-7.088936295999929,0],[107.48054561900005,-7.088681292999979,0],[107.48057660300009,-7.088432440999952,0],[107.48065181900006,-7.088173787999949,0],[107.48077048500005,-7.08798305199997,0],[107.48089976300008,-7.08776236999995,0],[107.48098054200005,-7.087600384999973,0],[107.48102447200006,-7.087496924999925,0],[107.48114736200006,-7.087283144999958,0],[107.48118522200008,-7.087184854999975,0],[107.48127367200004,-7.086985194999954,0],[107.48136923800007,-7.086700553999947,0],[107.48148151100008,-7.086433332999945,0],[107.48160310200007,-7.086105114999953,0],[107.48173352200007,-7.085797014999969,0],[107.48179505200005,-7.085635164999928,0],[107.48188883200004,-7.085437704999947,0],[107.48201412200007,-7.085069039999951,0],[107.48211221100007,-7.084858935999932,0],[107.48226605100007,-7.084531712999933,0],[107.48250185400008,-7.084028796999974,0],[107.48253791000008,-7.083944911999936,0],[107.48259583700008,-7.083798986999966,0],[107.48267735900004,-7.08361238599997,0],[107.48280914200006,-7.083385894999935,0],[107.48288757200004,-7.083307574999935,0],[107.48310933200008,-7.083118234999972,0],[107.48316253200005,-7.083072604999927,0],[107.48321129200008,-7.083039754999959,0],[107.48324574400004,-7.083019139999976,0],[107.48324607000006,-7.083020498999929,0]]]]}},{"type":"Feature","properties":{"OBJECTID":56,"NAMOBJ":"Mekarmaju","SRS_ID":"SRGI 2013","KDEPUM":"32.04.38.2008","KDPKAB":"32.04","KDPPUM":"32","TIPADM":2,"WADMKC":"Pasirjambu","WADMKD":"Mekarmaju","WADMKK":"Bandung","WADMPR":"Jawa Barat","WIADKD":"Mekarmaju","WIADKC":"Pasirjambu","WIADKK":"Bandung","WIADPR":"Jawa Barat","SHAPE_Leng":0.06346752106,"SHAPE_Area":8.997148e-5,"LUASHA":109.922871697},"geometry":{"type":"MultiPolygon","coordinates":[[[[107.46246376600004,-7.082003658999952,0],[107.46269225500004,-7.082001117999937,0],[107.46279380300007,-7.082013937999932,0],[107.46300204100004,-7.082053916999939,0],[107.46311197800009,-7.082089474999975,0],[107.46324862600005,-7.082117252999979,0],[107.46335373200009,-7.082186210999964,0],[107.46339026400005,-7.082234181999979,0],[107.46341492100004,-7.082261598999935,0],[107.46345345600008,-7.082305775999941,0],[107.46347506500007,-7.082336269999928,0],[107.46351357600008,-7.082375855999942,0],[107.46367142500009,-7.08242006699993,0],[107.46377186500007,-7.082424960999958,0],[107.46377449900007,-7.082423856999981,0],[107.46390817000008,-7.082367816999977,0],[107.46396709000004,-7.082389021999973,0],[107.46408831200006,-7.082432648999941,0],[107.46412929500008,-7.08245695599993,0],[107.46430449800005,-7.082487097999945,0],[107.46437188500005,-7.082498690999955,0],[107.46464490700004,-7.082547002999945,0],[107.46481162400005,-7.082568118999973,0],[107.46485763900006,-7.082578395999974,0],[107.46487695700006,-7.082582335999973,0],[107.46491706800003,-7.082590515999925,0],[107.46494583000003,-7.082576692999965,0],[107.46497341700007,-7.08256343499994,0],[107.46501299000005,-7.082569107999973,0],[107.46501845300008,-7.082569890999935,0],[107.46503958400007,-7.082582213999956,0],[107.46507722500007,-7.082638447999955,0],[107.46509260600004,-7.082649843999945,0],[107.46512048400007,-7.08267073899998,0],[107.46514355000005,-7.082686876999958,0],[107.46518284200005,-7.082693364999955,0],[107.46520315300006,-7.082689992999974,0],[107.46523641400006,-7.082684471999926,0],[107.46525356800004,-7.082669076999935,0],[107.46531940900007,-7.08262664199998,0],[107.46535866600004,-7.082626433999963,0],[107.46537482300005,-7.08262814099993,0],[107.46538637200007,-7.082629360999931,0],[107.46539315500007,-7.082630076999976,0],[107.46544107900007,-7.082639387999961,0],[107.46548806700008,-7.082652528999972,0],[107.46552354400006,-7.082661905999942,0],[107.46557826200007,-7.082688397999959,0],[107.46568841800007,-7.082712785999945,0],[107.46584951300008,-7.082733949999977,0],[107.46591083700008,-7.082793263999974,0],[107.46621218700005,-7.083084736999979,0],[107.46647635700003,-7.083328299999948,0],[107.46656625400004,-7.083410664999974,0],[107.46662598000006,-7.083465387999979,0],[107.466626,-7.083465406999949,0],[107.46672416400008,-7.083555346999958,0],[107.46674394100006,-7.083844835999969,0],[107.46676445200006,-7.084100589999935,0],[107.46678570900008,-7.08418404899993,0],[107.46679803500007,-7.084206221999978,0],[107.46681315000006,-7.084212598999954,0],[107.46683689300005,-7.084221080999953,0],[107.46689518200009,-7.084243727999933,0],[107.46696061700004,-7.084259879999934,0],[107.46697716000006,-7.084264813999937,0],[107.46702094900007,-7.084261711999943,0],[107.46705820300008,-7.084245013999976,0],[107.46709398600007,-7.084221868999975,0],[107.46710899400006,-7.084208158999957,0],[107.46712540300007,-7.084187984999971,0],[107.46714605300008,-7.084154876999946,0],[107.46717938400008,-7.08407578899994,0],[107.46718860100003,-7.084053500999971,0],[107.46720140100007,-7.084029759999964,0],[107.46721637400009,-7.084009593999951,0],[107.46724634400005,-7.083973565999941,0],[107.46726708100005,-7.083956956999941,0],[107.46729216900007,-7.083948214999964,0],[107.46732375000005,-7.083945177999965,0],[107.46735942200007,-7.083942195999953,0],[107.46738553000006,-7.083944718999931,0],[107.46766989300005,-7.083994046999976,0],[107.46793972900008,-7.084077073999936,0],[107.46835311600006,-7.084315136999976,0],[107.46843842900006,-7.084378051999977,0],[107.46848176300006,-7.084424450999961,0],[107.46862164000004,-7.08461978899993,0],[107.46866621600009,-7.084674550999978,0],[107.46869747400007,-7.084700688999931,0],[107.46873946500006,-7.084719595999957,0],[107.46884006400006,-7.084731016999967,0],[107.46889509300007,-7.084725942999967,0],[107.46893570300006,-7.08471018399996,0],[107.46897631300004,-7.084694424999952,0],[107.46910886900008,-7.084638721999966,0],[107.46913754900004,-7.084630200999925,0],[107.46919262900008,-7.084634689999973,0],[107.46921299400009,-7.084638168999959,0],[107.46923936300004,-7.08464520299998,0],[107.46926449700004,-7.084645068999976,0],[107.46929439800005,-7.084641322999971,0],[107.46931829700009,-7.084634022999978,0],[107.46934455800005,-7.084620730999973,0],[107.46939381300007,-7.084568686999944,0],[107.46941731800007,-7.084544005999931,0],[107.46948869300007,-7.084491794999963,0],[107.46954031600006,-7.084476455999948,0],[107.46956475100006,-7.084479912999939,0],[107.46958130500008,-7.084486998999978,0],[107.46960074000003,-7.08449550399996,0],[107.46962883800006,-7.084512571999937,0],[107.46966406700005,-7.084520275999978,0],[107.46968561400007,-7.084520877999978,0],[107.46973078900004,-7.084508442999947,0],[107.46975082400007,-7.084494706999976,0],[107.46976870400005,-7.084480980999956,0],[107.46978588800005,-7.084471563999955,0],[107.46980453200007,-7.084466443999929,0],[107.46982681600008,-7.084470628999952,0],[107.46984628500007,-7.084485590999975,0],[107.46989241600005,-7.084517626999968,0],[107.46992137300003,-7.084561232999931,0],[107.46997633100005,-7.084632677999934,0],[107.47001958200008,-7.084663294999928,0],[107.47005919600008,-7.084685322999974,0],[107.47008149500004,-7.084692377999943,0],[107.47010305000003,-7.084694415999934,0],[107.47012891700007,-7.084697147999975,0],[107.47015907300005,-7.084696269999938,0],[107.47019060900004,-7.084684624999966,0],[107.47026662500008,-7.084664851999946,0],[107.47030969600007,-7.084661752999978,0],[107.47033626500007,-7.084661611999934,0],[107.47035854200004,-7.084664362999945,0],[107.47041029500008,-7.084673413999951,0],[107.47044696800003,-7.084682544999964,0],[107.47046566200004,-7.084686749999946,0],[107.47051382400008,-7.084695818999933,0],[107.47062514200007,-7.084697379999966,0],[107.47067109700004,-7.084696417999965,0],[107.47070126500006,-7.084697691999963,0],[107.47076155900004,-7.084692349999955,0],[107.47080316700004,-7.084684237999966,0],[107.47083685600006,-7.08467258099995,0],[107.47086479000006,-7.084658801999979,0],[107.47089056100003,-7.084643600999925,0],[107.47091849800006,-7.084630538999932,0],[107.47094717300007,-7.08462106099995,0],[107.47099023600003,-7.08461652799997,0],[107.47103692400009,-7.084618431999957,0],[107.47106639700007,-7.084624013999928,0],[107.47109949500003,-7.084636032999981,0],[107.47112248900004,-7.084638780999967,0],[107.47115694700005,-7.084636444999944,0],[107.47118994900006,-7.084630530999959,0],[107.47121216100004,-7.08462108699996,0],[107.47123908500004,-7.084590101999936,0],[107.47126280900005,-7.084561633999954,0],[107.47128726600005,-7.084524863999945,0],[107.47129740800005,-7.08450666799996,0],[107.47136544400007,-7.084412233999956,0],[107.47140479500007,-7.084384764999925,0],[107.47147357200004,-7.084354269999949,0],[107.47154240300006,-7.084333816999958,0],[107.47159406400004,-7.084325651999961,0],[107.47167738300004,-7.084328794999976,0],[107.47173274200009,-7.08434069599997,0],[107.47180470100005,-7.084368290999976,0],[107.47183998000008,-7.084385319999967,0],[107.47185585100004,-7.084398865999958,0],[107.47186310100005,-7.08441173999995,0],[107.47186895600004,-7.084432512999967,0],[107.47187057600007,-7.084466937999935,0],[107.47187296400006,-7.084510684999941,0],[107.47187746000009,-7.084545811999931,0],[107.47188999600007,-7.084607438999967,0],[107.47190743000004,-7.084644648999927,0],[107.47193926300008,-7.084688956999969,0],[107.47199701300008,-7.084745321999947,0],[107.47204383200005,-7.084771615999955,0],[107.47206903000006,-7.084783676999962,0],[107.47208124600007,-7.084785046999968,0],[107.47209991200003,-7.084784229999968,0],[107.47212294500008,-7.084794150999926,0],[107.47214672700005,-7.084809805999953,0],[107.47222096300004,-7.084860344999981,0],[107.47224330800009,-7.084876007999981,0],[107.47226491600009,-7.084888087999957,0],[107.47228294900003,-7.084903056999963,0],[107.47230096300007,-7.084914438999931,0],[107.47232253700008,-7.084920063999959,0],[107.47235485100003,-7.084919891999959,0],[107.47239065300005,-7.084900331999961,0],[107.47245360500006,-7.084854802999928,0],[107.47248360500004,-7.084824513999934,0],[107.47255508600006,-7.084762439999963,0],[107.47257872300008,-7.084750835999955,0],[107.47260602200004,-7.084752842999933,0],[107.47262759900008,-7.08475918399995,0],[107.47265073200003,-7.084787755999969,0],[107.47267097600007,-7.08481347399993,0],[107.47268480000008,-7.084847116999981,0],[107.47269945700003,-7.08490227599998,0],[107.47275021100006,-7.085127976999956,0],[107.47275459900004,-7.085143018999929,0],[107.47276109300009,-7.085148722999975,0],[107.47277474500004,-7.085150084999952,0],[107.47279195600004,-7.085145689999933,0],[107.47281914100006,-7.08512617599996,0],[107.47306750800004,-7.08497205499998,0],[107.47316906500004,-7.084894037999959,0],[107.47321338100005,-7.084855063999953,0],[107.47323407200008,-7.084829845999934,0],[107.47324833800008,-7.084811835999972,0],[107.47326756300004,-7.084780886999965,0],[107.47328180200009,-7.084757854999964,0],[107.47330035400006,-7.084735517999945,0],[107.47332179800009,-7.084716752999952,0],[107.47335976500005,-7.084699333999936,0],[107.47339635400004,-7.084692682999957,0],[107.47341433000008,-7.084696890999965,0],[107.47344099900005,-7.084715400999926,0],[107.47346486100008,-7.084746120999966,0],[107.47347723700005,-7.084777618999965,0],[107.47347951400008,-7.084800562999931,0],[107.47351509500004,-7.084874261999971,0],[107.47353098900004,-7.084892111999977,0],[107.47356198200004,-7.084913467999968,0],[107.47360593200005,-7.084940493999966,0],[107.47363897200006,-7.084941752999953,0],[107.47367836800004,-7.084922891999952,0],[107.47371697700004,-7.084891121999931,0],[107.47376122400004,-7.084839235999937,0],[107.47380609700008,-7.084770129999981,0],[107.47383596300006,-7.084714732999942,0],[107.47387452600009,-7.084674354999947,0],[107.47392325400006,-7.084654726999929,0],[107.47396562900008,-7.084655935999933,0],[107.47400380700009,-7.084677970999962,0],[107.47410831500008,-7.084749151999972,0],[107.47418845300007,-7.084829070999945,0],[107.47422731800003,-7.084845362999943,0],[107.47426825400004,-7.084845862999941,0],[107.47430483500005,-7.084837776999962,0],[107.47441305800004,-7.084797744999946,0],[107.47447691900004,-7.084788078999964,0],[107.47451786200008,-7.084790013999964,0],[107.47458003900005,-7.084796293999943,0],[107.47460126300007,-7.084804252999959,0],[107.47468692400008,-7.084875636999925,0],[107.47476901500005,-7.08500412799998,0],[107.47501885800006,-7.085375323999926,0],[107.47510095000007,-7.085464553999941,0],[107.47519374900008,-7.085546644999965,0],[107.47525799400006,-7.085589475999939,0],[107.47538291600006,-7.085628736999979,0],[107.47545073100008,-7.08563587499998,0],[107.47561172800005,-7.085611157999949,0],[107.47571073500006,-7.085718612999926,0],[107.47577757400006,-7.085813066999947,0],[107.47573906600007,-7.08588062299998,0],[107.47560336100008,-7.085929170999975,0],[107.47542743100007,-7.085976018999929,0],[107.47532014300003,-7.085967025999935,0],[107.47521313600004,-7.085944839999968,0],[107.47520319900008,-7.085942779999925,0],[107.47510168700006,-7.085939494999934,0],[107.47504046000006,-7.085949385999925,0],[107.47495262800004,-7.085997677999956,0],[107.47487228200004,-7.086013409999964,0],[107.47473954800006,-7.085999593999929,0],[107.47473240900007,-7.085998850999943,0],[107.47469991700007,-7.086010501999965,0],[107.47464664500006,-7.086075826999945,0],[107.47461822800005,-7.086133367999935,0],[107.47456739700004,-7.086472726999943,0],[107.47456460300003,-7.086491381999963,0],[107.47451837300008,-7.08679961799993,0],[107.47449578600003,-7.086930742999925,0],[107.47448308200006,-7.087004494999974,0],[107.47445651800007,-7.087050547999979,0],[107.47441645700007,-7.087079456999959,0],[107.47432481500005,-7.08713159499996,0],[107.47412831100007,-7.087270376999925,0],[107.47409397400008,-7.087295427999948,0],[107.47407138300008,-7.087368241999968,0],[107.47407555000007,-7.087431347999939,0],[107.47408979100004,-7.087554823999938,0],[107.47410046200008,-7.087647346999972,0],[107.47416363500008,-7.087791037999978,0],[107.47423415200007,-7.088084743999957,0],[107.47423770600005,-7.088143035999963,0],[107.47424044800005,-7.088188010999943,0],[107.47421597300007,-7.088266573999931,0],[107.47418374500006,-7.088327960999948,0],[107.47412669500005,-7.088402870999971,0],[107.47393038400008,-7.088577998999938,0],[107.47388997600007,-7.088602141999957,0],[107.47384639100005,-7.088628183999958,0],[107.47374329000007,-7.088686121999956,0],[107.47370905600008,-7.088730302999977,0],[107.47368446800004,-7.088787823999951,0],[107.47367719600004,-7.088860555999929,0],[107.47369043500004,-7.088959932999956,0],[107.47370113500006,-7.089040248999936,0],[107.47376097800009,-7.089129839999941,0],[107.47383645500008,-7.089245138999956,0],[107.47396563800004,-7.089442478999956,0],[107.47398913900008,-7.089486656999952,0],[107.47398920900008,-7.089499807999971,0],[107.47395283900005,-7.089543400999958,0],[107.47400194600004,-7.089554100999976,0],[107.47401070100005,-7.089579879999974,0],[107.47401936100005,-7.089647377999938,0],[107.47402545000006,-7.089664348999975,0],[107.47400856600007,-7.089724650999926,0],[107.47396395100009,-7.089819828999964,0],[107.47374576700008,-7.08994906199996,0],[107.47359113500005,-7.090039795999928,0],[107.47351265200007,-7.090045952999958,0],[107.47339395600005,-7.090052323999942,0],[107.47331936400008,-7.090069937999942,0],[107.47326785400008,-7.090106558999935,0],[107.47324131000005,-7.090156437999951,0],[107.47320715700005,-7.09021592299996,0],[107.47319600400004,-7.090279110999973,0],[107.47309193100006,-7.090578538999978,0],[107.47303946200009,-7.090729495999938,0],[107.47288362900008,-7.090954144999955,0],[107.47271457200009,-7.091233529999954,0],[107.47269886300006,-7.091273221999927,0],[107.47268194200007,-7.091315975999976,0],[107.47267139600007,-7.091403915999933,0],[107.47266612700008,-7.091449252999951,0],[107.47266559900004,-7.091487226999959,0],[107.47267210700005,-7.091550507999955,0],[107.47268684800008,-7.091621448999945,0],[107.47270996400005,-7.091706338999927,0],[107.47277819200008,-7.091830374999972,0],[107.47278103400004,-7.091932570999973,0],[107.47278206300007,-7.091969583999969,0],[107.47277297300008,-7.092015543999935,0],[107.47275141500006,-7.092074748999948,0],[107.47272763600006,-7.092096262999974,0],[107.47271159600007,-7.092106731999934,0],[107.47267418700005,-7.092125264999936,0],[107.47265563400003,-7.09213069499998,0],[107.47244528400006,-7.092156877999969,0],[107.47233071200009,-7.092218702999958,0],[107.47228095500009,-7.092270196999948,0],[107.47224751800007,-7.09233044299998,0],[107.47222316000006,-7.092444705999981,0],[107.47221594700005,-7.092465430999937,0],[107.47220686400004,-7.092512825999961,0],[107.47220575000006,-7.092573090999963,0],[107.47221653400004,-7.092704924999964,0],[107.47214272700006,-7.092877771999952,0],[107.47205505600004,-7.092956670999968,0],[107.47189841600004,-7.093030197999951,0],[107.47173023200008,-7.093165945999942,0],[107.47165036500007,-7.092841179999937,0],[107.47146421700006,-7.092852858999947,0],[107.47134103500008,-7.092867948999981,0],[107.47120719000009,-7.092900666999981,0],[107.47091570600008,-7.092856051999945,0],[107.47088605300007,-7.092909966999969,0],[107.47081755300007,-7.093034511999974,0],[107.47049632600005,-7.092963127999951,0],[107.47052309500003,-7.092746001999956,0],[107.47042196800004,-7.092591336999931,0],[107.47036545600008,-7.092368262999969,0],[107.47033571200006,-7.092115444999934,0],[107.47039519900005,-7.091975651999974,0],[107.47042494200008,-7.091800165999928,0],[107.47053796700004,-7.091591962999928,0],[107.47063017100004,-7.091493810999964,0],[107.47064206800007,-7.091467041999977,0],[107.47046360800005,-7.091395657999954,0],[107.47039519900005,-7.091267761999973,0],[107.47034166100008,-7.091226120999977,0],[107.47030002000008,-7.091214223999941,0],[107.47026135400006,-7.091223146999937,0],[107.47021673900008,-7.091336170999966,0],[107.47010074100007,-7.091520579999951,0],[107.46992823000005,-7.091734730999974,0],[107.46984792300009,-7.091812063999953,0],[107.46974679600004,-7.091812063999953,0],[107.46967541200007,-7.091794217999961,0],[107.46961890000006,-7.091770422999957,0],[107.46957428500008,-7.091719858999966,0],[107.46952967000004,-7.091639552999936,0],[107.46950290100006,-7.091496784999947,0],[107.46947613200007,-7.091431349999937,0],[107.46943746600004,-7.091398631999937,0],[107.46940772300007,-7.091383760999975,0],[107.46934823600009,-7.091365914999926,0],[107.46931551800009,-7.091270735999956,0],[107.46943151700003,-7.091223146999937,0],[107.46949100400008,-7.091122019999943,0],[107.46956578200007,-7.090994619999947,0],[107.46957131100004,-7.090985200999967,0],[107.46960700200009,-7.090806740999938,0],[107.46961295100004,-7.090678844999957,0],[107.46963079700004,-7.090565820999927,0],[107.46966351500004,-7.090387360999955,0],[107.46980628200004,-7.090194029999964,0],[107.46972002700005,-7.090155363999941,0],[107.46967838600006,-7.09009290299997,0],[107.46962782300005,-7.090063159999943,0],[107.46949100400008,-7.089985826999964,0],[107.46944044000008,-7.089932288999933,0],[107.46943744600009,-7.089928613999973,0],[107.46937500500007,-7.08985198299996,0],[107.46928280100008,-7.089631881999935,0],[107.46925008300008,-7.089501011999971,0],[107.46927685200006,-7.089399884999978,0],[107.46928624500003,-7.089371298999936,0],[107.46934526200005,-7.089191681999978,0],[107.46945233700006,-7.089028093999957,0],[107.46932741600006,-7.08899835099993,0],[107.46920249400006,-7.088956709999934,0],[107.46913705900005,-7.088929940999947,0],[107.46905972600007,-7.088885326999957,0],[107.46902106000005,-7.088989427999934,0],[107.46893183000009,-7.088980504999938,0],[107.46889613800005,-7.088900197999976,0],[107.46883367800007,-7.088840711999978,0],[107.46879203700007,-7.088879377999945,0],[107.46871173000005,-7.088861531999953,0],[107.46855706500008,-7.088879377999945,0],[107.46849163000007,-7.088906146999932,0],[107.46825665800009,-7.08885855799997,0],[107.46815553100004,-7.08882286599993,0],[107.46806927600005,-7.088784198999974,0],[107.46800086600007,-7.088757430999976,0],[107.46788189300008,-7.088929940999947,0],[107.46783133000008,-7.089007273999925,0],[107.46773912600008,-7.089054862999944,0],[107.46762610100006,-7.089060811999957,0],[107.46737923200004,-7.089010247999965,0],[107.46727810500005,-7.088947786999938,0],[107.46721267000004,-7.088903172999949,0],[107.46706097900005,-7.088745532999951,0],[107.46710856800007,-7.088700917999972,0],[107.46696282600004,-7.088590867999926,0],[107.46681411000009,-7.088513535999937,0],[107.46674867500008,-7.088489740999933,0],[107.46663267600007,-7.088468920999958,0],[107.46649288300006,-7.088471894999941,0],[107.46640067900006,-7.088501637999968,0],[107.46636498700008,-7.088537329999951,0],[107.46635903800006,-7.088575996999964,0],[107.46637688400006,-7.088641431999974,0],[107.46639770400009,-7.088677123999958,0],[107.46656724100006,-7.088932915999976,0],[107.46661780500006,-7.089007273999925,0],[107.46663267600007,-7.089048913999932,0],[107.46663267600007,-7.089087580999944,0],[107.46663267600007,-7.089114349999932,0],[107.46658806100004,-7.089144092999959,0],[107.46651072900005,-7.089150041999972,0],[107.46645719100007,-7.089150041999972,0],[107.46633524400005,-7.089129220999951,0],[107.46610622000009,-7.089081631999932,0],[107.46602293900008,-7.089069734999953,0],[107.46597380200006,-7.089076434999981,0],[107.46595750400007,-7.089078657999949,0],[107.46588612000005,-7.089078657999949,0],[107.46584150500007,-7.089069734999953,0],[107.46579094200007,-7.089051888999961,0],[107.46562735400005,-7.088995376999947,0],[107.46552622700005,-7.088968607999959,0],[107.46546376600008,-7.088953735999951,0],[107.46541022800005,-7.088947786999938,0],[107.46531802400006,-7.088947786999938,0],[107.46524961400007,-7.088980504999938,0],[107.46522284600007,-7.089013222999938,0],[107.46492541300006,-7.089022145999934,0],[107.46491649000006,-7.088932915999976,0],[107.46461593900005,-7.088895346999948,0],[107.46444059800007,-7.088873428999932,0],[107.46421157500004,-7.088831788999926,0],[107.46412829300004,-7.08872768699996,0],[107.46407773000004,-7.088620611999943,0],[107.46402121800008,-7.088570047999951,0],[107.46393793700008,-7.088543278999964,0],[107.46385168100005,-7.088525432999973,0],[107.46357804300004,-7.08851948399996,0],[107.46348286500006,-7.088510560999964,0],[107.46322481600004,-7.088319604999981,0],[107.46312892000009,-7.088644405999958,0],[107.46268286200007,-7.088876564999964,0],[107.46262031000003,-7.088909120999972,0],[107.46252215700008,-7.088986453999951,0],[107.46240318400004,-7.089022145999934,0],[107.46232287700008,-7.089025119999974,0],[107.46215334100003,-7.088959684999963,0],[107.46201652200006,-7.088882351999928,0],[107.46194811200007,-7.088861531999953,0],[107.46182182800004,-7.08882267599995,0],[107.46179344700005,-7.088813942999934,0],[107.46181129300004,-7.088623585999926,0],[107.46179047300006,-7.088445125999954,0],[107.46165960300004,-7.088412408999943,0],[107.46135027300005,-7.088507586999981,0],[107.46124914600006,-7.088525432999973,0],[107.46110935200005,-7.08851948399996,0],[107.46103499400004,-7.08851948399996,0],[107.46097848200009,-7.088546252999947,0],[107.46088508000008,-7.088606837999976,0],[107.46086843200004,-7.08861763699997,0],[107.46080299700009,-7.088635482999962,0],[107.46072269000007,-7.088632508999979,0],[107.46086545800006,-7.088549227999977,0],[107.46093089300007,-7.088442151999971,0],[107.46096361000008,-7.088385639999956,0],[107.46096658500005,-7.088349947999973,0],[107.46096361000008,-7.088299383999981,0],[107.46096658500005,-7.08824584599995,0],[107.46099037900007,-7.088177436999956,0],[107.46114801900006,-7.087900824999963,0],[107.46117776200003,-7.08786513299998,0],[107.46123130000007,-7.087853234999955,0],[107.46121047900004,-7.087543904999961,0],[107.46103202000006,-7.087731287999929,0],[107.46086843200004,-7.08762123799994,0],[107.46085058600005,-7.087374368999974,0],[107.46069592100008,-7.087386265999953,0],[107.46058587100003,-7.087398162999932,0],[107.46046987200003,-7.08741600899998,0],[107.46044867500007,-7.087421308999978,0],[107.46031520700006,-7.087454675999936,0],[107.45992557000005,-7.08752308499993,0],[107.45958649700009,-7.087561750999953,0],[107.45931880800003,-7.087597442999936,0],[107.45924147500006,-7.087606365999932,0],[107.45918496300004,-7.087600417999965,0],[107.45916915800007,-7.087593325999933,0],[107.45895296600008,-7.087496315999942,0],[107.45856035500009,-7.087332727999978,0],[107.45845030500004,-7.08731785699996,0],[107.45835215200009,-7.087326779999955,0],[107.45811420600006,-7.087398162999932,0],[107.45795359200008,-7.08741303499994,0],[107.45782569600004,-7.08741303499994,0],[107.45757882700008,-7.087389239999936,0],[107.45740241100003,-7.087341908999974,0],[107.45709103800004,-7.087258369999972,0],[107.45666595700004,-7.087164678999955,0],[107.45661598800007,-7.087153970999964,0],[107.45665524900005,-7.086964803999933,0],[107.45668023400003,-7.086839881999936,0],[107.45669094100003,-7.086704252999937,0],[107.45667309500004,-7.086607884999978,0],[107.45667309500004,-7.086507947999962,0],[107.45667309500004,-7.086408009999957,0],[107.45669094100003,-7.086329487999933,0],[107.45671592500008,-7.086197427999934,0],[107.45674091000006,-7.086118905999967,0],[107.45702287600005,-7.086129612999969,0],[107.45729782300003,-7.08553831699993,0],[107.45800690200008,-7.08551928199995,0],[107.45823057100006,-7.085500245999981,0],[107.45831623200007,-7.085352718999957,0],[107.458459,-7.085267058999932,0],[107.45888254400006,-7.085405066999954,0],[107.45895868600007,-7.085347959999979,0],[107.45916807900005,-7.085219468999981,0],[107.45931084700004,-7.085219468999981,0],[107.45955355200005,-7.085271817999967,0],[107.45974390900005,-7.08523850499995,0],[107.45991523000004,-7.085124290999943,0],[107.45997233700007,-7.085014835999971,0],[107.45999137200005,-7.084895862999929,0],[107.46003896200006,-7.084786407999957,0],[107.46010082800007,-7.084710264999956,0],[107.46016269400008,-7.084695987999964,0],[107.46030546100008,-7.084695987999964,0],[107.46041491700004,-7.084748335999961,0],[107.46048677200008,-7.08476989299993,0],[107.46051009500007,-7.084776889999944,0],[107.46061003200003,-7.084776889999944,0],[107.46062659100005,-7.084759227999939,0],[107.46068141600006,-7.084700746999943,0],[107.46083846100004,-7.084519907999947,0],[107.46095743400008,-7.084429487999955,0],[107.46098312900006,-7.08421221499998,0],[107.46100133700008,-7.084172943999931,0],[107.46107297400005,-7.084139684999968,0],[107.46114459400007,-7.084103436999953,0],[107.46122512800008,-7.084055185999944,0],[107.46133569300008,-7.084027698999932,0],[107.46141067000008,-7.084060180999927,0],[107.46142227400009,-7.083991370999968,0],[107.46144565600008,-7.083886629999938,0],[107.46145398200008,-7.083764034999945,0],[107.46149800700005,-7.083602391999932,0],[107.46155135700008,-7.083506458999977,0],[107.46160174700009,-7.083416519999957,0],[107.46160141400009,-7.083353751999937,0],[107.46158317600003,-7.08330004499993,0],[107.46199502800005,-7.083245318999957,0],[107.46229203900003,-7.083385380999971,0],[107.46247282400009,-7.083377433999942,0],[107.46258706000003,-7.083308890999945,0],[107.46268142300005,-7.083225453999944,0],[107.46280062300008,-7.083160890999977,0],[107.46275890400005,-7.082939372999931,0],[107.46237150200005,-7.082204298999955,0],[107.46235060400005,-7.081986578999931,0],[107.46246376600004,-7.082003658999952,0]]]]}},{"type":"Feature","properties":{"OBJECTID":64,"NAMOBJ":"Pasirjambu","SRS_ID":"SRGI 2013","KDEPUM":"32.04.38.2001","KDPKAB":"32.04","KDPPUM":"32","TIPADM":2,"WADMKC":"Pasirjambu","WADMKD":"Pasirjambu","WADMKK":"Bandung","WADMPR":"Jawa Barat","WIADKD":"Pasirjambu","WIADKC":"Pasirjambu","WIADKK":"Bandung","WIADPR":"Jawa Barat","SHAPE_Leng":0.08904244803,"SHAPE_Area":0.0001479835,"LUASHA":180.797758075},"geometry":{"type":"MultiPolygon","coordinates":[[[[107.48095983200005,-7.077977767999926,0],[107.48100967100004,-7.077987066999981,0],[107.48115725700006,-7.078099060999932,0],[107.48131264900007,-7.07833065899996,0],[107.48140125100008,-7.07842679099997,0],[107.48147723200009,-7.078490470999952,0],[107.48152239600006,-7.078520836999928,0],[107.48156654100006,-7.078539730999978,0],[107.48173481000003,-7.078585785999962,0],[107.48187647100008,-7.078577377999977,0],[107.48206394800008,-7.078541943999937,0],[107.48222416500005,-7.078504540999973,0],[107.48239099700004,-7.078465592999976,0],[107.48259393900008,-7.078410144999964,0],[107.48261953900004,-7.078406905999941,0],[107.48274278600007,-7.078360414999963,0],[107.48279320800003,-7.078358279999975,0],[107.48289786200007,-7.078353847999949,0],[107.48295263600005,-7.078359746999979,0],[107.48310096400007,-7.07837571999994,0],[107.48326771400008,-7.078403523999953,0],[107.48343093700004,-7.07845236199995,0],[107.48344638300006,-7.078511609999964,0],[107.48343843500004,-7.078562560999956,0],[107.48343712500008,-7.078570960999969,0],[107.48339537600003,-7.078641963999928,0],[107.48331334300008,-7.078699790999963,0],[107.48317444500009,-7.07886696099996,0],[107.48312174900008,-7.07903940999995,0],[107.48310438800007,-7.079176253999947,0],[107.48310240200004,-7.079191910999953,0],[107.48311247400005,-7.079285137999932,0],[107.48313233500005,-7.07935465099996,0],[107.48314489800003,-7.079398620999939,0],[107.48321628200006,-7.07959492599997,0],[107.48322817900004,-7.079993485999978,0],[107.48329658900008,-7.080213585999957,0],[107.48351966300004,-7.07980015499993,0],[107.48370109700005,-7.07986856399998,0],[107.48379330100005,-7.079898306999951,0],[107.48391524900006,-7.07990128199998,0],[107.48404909300007,-7.079889383999955,0],[107.48412642600005,-7.079844769999966,0],[107.48420970700005,-7.079791231999934,0],[107.48424886600009,-7.079903803999969,0],[107.48426873200003,-7.080037604999973,0],[107.48433626600007,-7.080132892999927,0],[107.48440584800005,-7.080253037999967,0],[107.48441815600006,-7.080406009999933,0],[107.48439288600008,-7.080559341999958,0],[107.48433726300004,-7.080676808999954,0],[107.48426091000005,-7.080722649999927,0],[107.48414243100007,-7.080724477999979,0],[107.48397132500008,-7.080732565999938,0],[107.48390699100008,-7.080787907999934,0],[107.48390284400006,-7.080907489999959,0],[107.48396562300007,-7.081008781999969,0],[107.48409323400006,-7.081147985999962,0],[107.48417287100006,-7.081268316999967,0],[107.48417343700004,-7.081374124999968,0],[107.48408110300005,-7.081564718999971,0],[107.48411421100008,-7.081712797999955,0],[107.48422108000005,-7.081777984999974,0],[107.48434502100008,-7.081790474999934,0],[107.48446896200005,-7.081802963999962,0],[107.48456679400005,-7.081745051999974,0],[107.48467410400008,-7.081669154999929,0],[107.48474685400004,-7.081620941999972,0],[107.48481872700006,-7.081632513999978,0],[107.48489561200006,-7.081685905999962,0],[107.48493541400006,-7.081743081999946,0],[107.48496470100008,-7.081848138999931,0],[107.48493286100006,-7.081936783999936,0],[107.48472062800005,-7.082087368999964,0],[107.48465159000006,-7.082158277999952,0],[107.48454629000008,-7.082386005999979,0],[107.48455064200004,-7.082528259999947,0],[107.48454919000005,-7.082704021999973,0],[107.48459073300006,-7.082862814999942,0],[107.48465253300009,-7.083004761999973,0],[107.48472492500008,-7.083113174999937,0],[107.48479841200009,-7.083202452999956,0],[107.48479528200005,-7.083288552999932,0],[107.48468359400005,-7.083440991999964,0],[107.48451835000009,-7.083649910999952,0],[107.48443038100004,-7.083761571999958,0],[107.48433130700005,-7.083811121999929,0],[107.48419259100007,-7.083833383999945,0],[107.48408713500004,-7.083808839999961,0],[107.48400438200008,-7.08377700099993,0],[107.48380024900007,-7.083652552999979,0],[107.48369098000006,-7.083586182999966,0],[107.48363322500006,-7.083529102999933,0],[107.48346162200005,-7.08344477299994,0],[107.48335112000007,-7.083459138999956,0],[107.48324607000006,-7.083020498999929,0],[107.48324574400004,-7.083019139999976,0],[107.48321129200008,-7.083039754999959,0],[107.48316253200005,-7.083072604999927,0],[107.48310933200008,-7.083118234999972,0],[107.48288757200004,-7.083307574999935,0],[107.48280914200006,-7.083385894999935,0],[107.48267735900004,-7.08361238599997,0],[107.48259583700008,-7.083798986999966,0],[107.48253791000008,-7.083944911999936,0],[107.48250185400008,-7.084028796999974,0],[107.48226605100007,-7.084531712999933,0],[107.48211221100007,-7.084858935999932,0],[107.48201412200007,-7.085069039999951,0],[107.48188883200004,-7.085437704999947,0],[107.48179505200005,-7.085635164999928,0],[107.48173352200007,-7.085797014999969,0],[107.48160310200007,-7.086105114999953,0],[107.48148151100008,-7.086433332999945,0],[107.48136923800007,-7.086700553999947,0],[107.48127367200004,-7.086985194999954,0],[107.48118522200008,-7.087184854999975,0],[107.48114736200006,-7.087283144999958,0],[107.48102447200006,-7.087496924999925,0],[107.48098054200005,-7.087600384999973,0],[107.48089976300008,-7.08776236999995,0],[107.48077048500005,-7.08798305199997,0],[107.48065181900006,-7.088173787999949,0],[107.48057660300009,-7.088432440999952,0],[107.48054561900005,-7.088681292999979,0],[107.48048235300007,-7.088936295999929,0],[107.48038583700009,-7.089240495999945,0],[107.48024523600009,-7.089581995999936,0],[107.48016714700009,-7.089750993999928,0],[107.48001525000006,-7.089994513999955,0],[107.47981650900005,-7.090207197999973,0],[107.47969523000006,-7.090357296999969,0],[107.47950359400005,-7.090555594999955,0],[107.47925017500006,-7.090839112999959,0],[107.47913801900006,-7.090949467999963,0],[107.47887552500003,-7.091102711999952,0],[107.47862366200008,-7.091229595999948,0],[107.47838018200008,-7.091357629999948,0],[107.47829787500007,-7.091409480999971,0],[107.47815798400006,-7.091436530999943,0],[107.47807181100006,-7.091436990999966,0],[107.47783662000006,-7.091548241999931,0],[107.47761588000009,-7.091676154999959,0],[107.47738459900006,-7.09184716599998,0],[107.47725116500004,-7.091962656999954,0],[107.47716717500003,-7.09203561399994,0],[107.47710421400006,-7.092124424999952,0],[107.47712960400008,-7.092172113999936,0],[107.47717157700004,-7.092187432999935,0],[107.47721001100007,-7.092212335999932,0],[107.47724742000008,-7.092269525999939,0],[107.47726835900005,-7.092347078999978,0],[107.47727200400004,-7.092360579999934,0],[107.47731269400003,-7.092449316999932,0],[107.47735757000004,-7.092515074999937,0],[107.47743828300008,-7.092567728999938,0],[107.47751464800007,-7.092613232999952,0],[107.47761950800009,-7.092615542999965,0],[107.47770945500008,-7.092600306999941,0],[107.47775705100008,-7.092676034999954,0],[107.47780044700005,-7.092712740999957,0],[107.47804202000003,-7.092917070999931,0],[107.47805663300005,-7.092912895999973,0],[107.47809895000006,-7.092931993999969,0],[107.47846562100005,-7.093097478999937,0],[107.47842512800008,-7.093165084999953,0],[107.47839722300006,-7.09320073799995,0],[107.47839638000005,-7.093202076999944,0],[107.47834737800008,-7.093279914999925,0],[107.47833824000008,-7.093290680999928,0],[107.47829599600004,-7.093340447999935,0],[107.47826808900004,-7.093369523999968,0],[107.47816173500007,-7.093480333999935,0],[107.47809884800006,-7.093538058999968,0],[107.47803140700006,-7.093549896999946,0],[107.47790361400007,-7.093556317999969,0],[107.47782608800009,-7.093562470999927,0],[107.47774727200004,-7.09359588999996,0],[107.47769430000005,-7.093627736999963,0],[107.47769160000007,-7.093634962999943,0],[107.47767872500003,-7.093669426999952,0],[107.47766460000008,-7.093713979999961,0],[107.47762758800008,-7.093775870999934,0],[107.47760907800006,-7.093806098999949,0],[107.47757652100006,-7.093895225999972,0],[107.47753981600005,-7.094014504999961,0],[107.47750157500008,-7.094115140999975,0],[107.47749315000004,-7.094151053999951,0],[107.47748420900007,-7.094160080999927,0],[107.47746029300004,-7.094184227999961,0],[107.47742156100009,-7.094193042999962,0],[107.47732816000007,-7.094184932999951,0],[107.47727227700005,-7.094209621999937,0],[107.47726581500007,-7.094219589999966,0],[107.47724521100008,-7.094251373999953,0],[107.47724157100004,-7.094253673999958,0],[107.47717650300007,-7.094294782999953,0],[107.47714795500008,-7.094327933999978,0],[107.47714784000004,-7.094328364999967,0],[107.47713950600007,-7.094359542999939,0],[107.47715840000006,-7.094401049999931,0],[107.47719752300009,-7.094465403999948,0],[107.47725971100004,-7.094545416999949,0],[107.47731458700008,-7.094601078999972,0],[107.47734482400006,-7.094615264999959,0],[107.47736920200003,-7.094607960999952,0],[107.47743112100005,-7.094637759999955,0],[107.47746094800004,-7.094664620999936,0],[107.47751213100008,-7.094611740999937,0],[107.47770259100008,-7.094864193999967,0],[107.47776766900006,-7.094947538999975,0],[107.47786444800005,-7.095139515999961,0],[107.47798984300005,-7.095311014999936,0],[107.47805592600008,-7.095358485999952,0],[107.47807820500009,-7.09549586199995,0],[107.47806080900006,-7.095599972999935,0],[107.47806729900009,-7.095694391999928,0],[107.47807617500007,-7.096011181999927,0],[107.47824746500004,-7.096190243999956,0],[107.47868791200005,-7.096360283999957,0],[107.47867734000005,-7.097224,0],[107.47890034000005,-7.097349159999965,0],[107.47909407700007,-7.097557336999955,0],[107.47919962600008,-7.09782219899995,0],[107.47918311400008,-7.098091298999975,0],[107.47910531100007,-7.098314097999946,0],[107.47912476300007,-7.098593766999954,0],[107.47909313900004,-7.098723061999976,0],[107.47938761000006,-7.098644309999941,0],[107.47938445000005,-7.098745569999949,0],[107.47939229000008,-7.09879546999997,0],[107.47940412000008,-7.098842109999964,0],[107.47941598000006,-7.098926629999937,0],[107.47942054000004,-7.098973939999951,0],[107.47943940000005,-7.09901487999997,0],[107.47947834000007,-7.09903184999996,0],[107.47950068000006,-7.099027809999939,0],[107.47952045000005,-7.099028379999936,0],[107.47954360000006,-7.099027579999927,0],[107.47958205000003,-7.09901487999997,0],[107.47960382000008,-7.099004669999943,0],[107.47962344000007,-7.098992839999937,0],[107.47963819000006,-7.098977249999962,0],[107.47965056000004,-7.098960859999977,0],[107.47965683000007,-7.098941889999935,0],[107.47966058000009,-7.098923369999966,0],[107.47966434000006,-7.098903319999977,0],[107.47967119000003,-7.098886509999943,0],[107.47968004000006,-7.098869749999949,0],[107.47969103000008,-7.09885461999994,0],[107.47970269000007,-7.098839969999972,0],[107.47971274000008,-7.098817929999939,0],[107.47972438000005,-7.098792079999953,0],[107.47973565000007,-7.098772679999968,0],[107.47974597000007,-7.098753009999939,0],[107.47975963000005,-7.09873781999994,0],[107.47977511000005,-7.098727029999964,0],[107.47979329000009,-7.098713739999937,0],[107.47981427000008,-7.098707919999981,0],[107.47983988000004,-7.098709679999956,0],[107.47986338000004,-7.098711609999953,0],[107.47988605000006,-7.098717599999929,0],[107.47990831000004,-7.098724839999932,0],[107.47992690000007,-7.098735499999975,0],[107.47994620000009,-7.098748349999937,0],[107.47996778000004,-7.098758699999962,0],[107.47999166000005,-7.098770789999946,0],[107.48001087000006,-7.098781389999942,0],[107.48003532000007,-7.098813639999946,0],[107.48004193000008,-7.098822709999979,0],[107.48004784000005,-7.098830819999932,0],[107.48005777000009,-7.09886427999993,0],[107.48005874000006,-7.098899219999964,0],[107.48005445000007,-7.098925019999967,0],[107.48005071000006,-7.098946299999966,0],[107.48004427000006,-7.098968559999946,0],[107.48004609000009,-7.098987889999933,0],[107.48005214000005,-7.099007569999969,0],[107.48006164000009,-7.099026949999939,0],[107.48007238000008,-7.099045979999971,0],[107.48008559000004,-7.099062969999977,0],[107.48009489000003,-7.099080569999956,0],[107.48010014000005,-7.099102539999933,0],[107.48010994000003,-7.099123089999978,0],[107.48012226000009,-7.099146779999955,0],[107.48012604000007,-7.099167539999939,0],[107.48012136000006,-7.099193749999927,0],[107.48012195000007,-7.09921369999995,0],[107.48012330000006,-7.099235329999942,0],[107.48012266000006,-7.099255779999964,0],[107.48011882000009,-7.099277779999966,0],[107.48011723000008,-7.099300429999971,0],[107.48011651000007,-7.099321329999952,0],[107.48011249000007,-7.099341759999959,0],[107.48010752000005,-7.09936394999994,0],[107.48009634000005,-7.099384519999944,0],[107.48008910000004,-7.099405709999928,0],[107.48008342000008,-7.099428339999974,0],[107.48008032000007,-7.099450309999952,0],[107.48007655000004,-7.099469879999958,0],[107.48007273000007,-7.09949064999995,0],[107.48006064000003,-7.099526949999927,0],[107.48005150000006,-7.099547879999932,0],[107.48003893000003,-7.099562779999928,0],[107.48003302000006,-7.099582329999976,0],[107.48003262700007,-7.099587605999943,0],[107.48003127000004,-7.099605819999965,0],[107.48003409000006,-7.099629159999949,0],[107.48004202000004,-7.099650369999949,0],[107.48005118000003,-7.099669989999938,0],[107.48005784000009,-7.099689459999979,0],[107.48006927000006,-7.099710929999958,0],[107.48007834000003,-7.09973188999993,0],[107.48008848000006,-7.099754399999938,0],[107.48009786000006,-7.099774669999931,0],[107.48010350000004,-7.099796399999946,0],[107.48010986000008,-7.099817739999935,0],[107.48011733000004,-7.099837229999935,0],[107.48012647000007,-7.099857539999959,0],[107.48013258000009,-7.099877349999929,0],[107.48013918000004,-7.099898569999937,0],[107.48013933000004,-7.09991698999994,0],[107.48013655000005,-7.099937919999945,0],[107.48013732000004,-7.099960049999936,0],[107.48014047000004,-7.099982549999936,0],[107.48014675000007,-7.100003509999965,0],[107.48015350000009,-7.100023649999969,0],[107.48016755000003,-7.100041709999971,0],[107.48017647000006,-7.100062709999975,0],[107.48018321000006,-7.10008167999996,0],[107.48018362000005,-7.100104119999969,0],[107.48018920000004,-7.100124539999968,0],[107.48019713000008,-7.100142139999946,0],[107.48020563000006,-7.100159969999936,0],[107.48021222000006,-7.100179209999965,0],[107.48021334000003,-7.100199759999953,0],[107.48022212000006,-7.100218949999942,0],[107.48023265000006,-7.100233719999949,0],[107.48024421000008,-7.10024870999996,0],[107.48025482000008,-7.100264599999946,0],[107.48025346000009,-7.100286869999934,0],[107.48025379000006,-7.100307289999932,0],[107.48025641000004,-7.100333029999945,0],[107.48025830000006,-7.100356839999961,0],[107.48026603000005,-7.100382539999941,0],[107.48026789000005,-7.100408509999966,0],[107.48027197000005,-7.100428689999944,0],[107.48027508000007,-7.100453309999978,0],[107.48027255000005,-7.100473569999963,0],[107.48027273400004,-7.100496180999926,0],[107.48027277000006,-7.100500579999959,0],[107.48027350000007,-7.100532959999953,0],[107.48026316000005,-7.100563009999973,0],[107.48025778800007,-7.100590713999964,0],[107.48025525000008,-7.100603799999931,0],[107.48026213000009,-7.100633659999971,0],[107.48026852000004,-7.100672319999944,0],[107.48025390000004,-7.100699499999962,0],[107.48025933000008,-7.100727289999952,0],[107.48026398000007,-7.100761209999973,0],[107.48026675000006,-7.100781859999927,0],[107.48027818000008,-7.100797569999941,0],[107.48029433000005,-7.100823229999946,0],[107.48031546000004,-7.100820929999941,0],[107.48031594000008,-7.100846599999954,0],[107.48031542000007,-7.10087201999994,0],[107.48032294000006,-7.100897169999939,0],[107.48033597000006,-7.100921729999925,0],[107.48034489000008,-7.100939149999931,0],[107.48034304000004,-7.100960049999969,0],[107.48035071000004,-7.100984839999967,0],[107.48036729000006,-7.100998509999954,0],[107.480378,-7.101015569999959,0],[107.48038065300005,-7.101024061999965,0],[107.48038566000008,-7.101040089999969,0],[107.48038844000007,-7.101067229999956,0],[107.48039514000004,-7.10109609999995,0],[107.48040085000008,-7.10112356999997,0],[107.48041949000009,-7.10114896999994,0],[107.48043684000004,-7.101181609999969,0],[107.48045892000005,-7.101207289999934,0],[107.48046886000009,-7.101225969999973,0],[107.48047629000007,-7.101245669999969,0],[107.48048626000008,-7.101261929999964,0],[107.48049495000004,-7.101295309999955,0],[107.48048078000005,-7.101327319999939,0],[107.48047249000007,-7.101348769999959,0],[107.48047988000008,-7.101378389999979,0],[107.48048242000004,-7.101401359999954,0],[107.48047955000004,-7.101419429999964,0],[107.48048418000008,-7.101452539999968,0],[107.48050806000003,-7.101469489999943,0],[107.48051927000006,-7.101484389999939,0],[107.48053188000006,-7.101502449999941,0],[107.48054594000007,-7.101517029999968,0],[107.48057675000007,-7.101523289999932,0],[107.48061340000004,-7.101525179999953,0],[107.48064988000004,-7.101536719999956,0],[107.48067233000006,-7.101543439999944,0],[107.48070922000005,-7.10154936999993,0],[107.48073152000006,-7.101576419999958,0],[107.48075964000009,-7.101593869999931,0],[107.48078981000003,-7.101616899999954,0],[107.48081571000006,-7.101640089999933,0],[107.48083161000005,-7.101651299999958,0],[107.48085337000003,-7.101669299999969,0],[107.48086798000008,-7.101681049999968,0],[107.48088277000005,-7.101702789999933,0],[107.48088151000007,-7.10172794999994,0],[107.48085943000007,-7.101752749999946,0],[107.48083778000006,-7.101764079999953,0],[107.48081843000006,-7.101766819999966,0],[107.48079792000004,-7.101764199999934,0],[107.48076004000006,-7.101761469999929,0],[107.48072793000006,-7.10176735999994,0],[107.48070688000007,-7.101774269999964,0],[107.48068738000006,-7.101778149999973,0],[107.48067022000004,-7.101785499999949,0],[107.48044130200009,-7.102087002999951,0],[107.48028644500005,-7.102225325999939,0],[107.48010749100007,-7.102333887999976,0],[107.48004272000009,-7.102531509999949,0],[107.47985816600004,-7.102711838999937,0],[107.47966173800006,-7.102910164999969,0],[107.47956720000008,-7.103041319999932,0],[107.47950092700006,-7.103009437999958,0],[107.47926346100007,-7.102920295999979,0],[107.47921377500006,-7.102862049999942,0],[107.47910970700008,-7.102740049999966,0],[107.47902375700005,-7.102662611999961,0],[107.47896233000006,-7.102544257999966,0],[107.47867318500005,-7.102318031999971,0],[107.47860351600008,-7.102156227999956,0],[107.47845186600006,-7.102122345999931,0],[107.47827392200008,-7.102063713999939,0],[107.47815556300009,-7.102018394999959,0],[107.47809918000007,-7.102016455999944,0],[107.47799533700004,-7.102012885999955,0],[107.47788058300006,-7.102000516999965,0],[107.47773757700008,-7.101961461999963,0],[107.47778720600007,-7.101817198999981,0],[107.47777865100005,-7.101727371999971,0],[107.47774443100008,-7.101569107999978,0],[107.47765995200007,-7.101497460999951,0],[107.47757654000009,-7.101526332999981,0],[107.47746853800004,-7.101654657999973,0],[107.47737015500007,-7.10175731399994,0],[107.47728140800007,-7.101910232999955,0],[107.47706646500006,-7.101927342999943,0],[107.47696166900005,-7.101919857999974,0],[107.47687077300009,-7.101933224999925,0],[107.47636603800004,-7.102040694999971,0],[107.47616286300007,-7.101970115999961,0],[107.47577323600007,-7.102015780999977,0],[107.47533354700005,-7.10198474699996,0],[107.47549449300004,-7.10149206799997,0],[107.47510664100008,-7.101406406999956,0],[107.47523275200007,-7.100928135999936,0],[107.47462123100007,-7.10084961299998,0],[107.47451653400009,-7.100818679999975,0],[107.47437376700009,-7.100621184999966,0],[107.47429762400009,-7.100528385999951,0],[107.47421434300009,-7.100449863999927,0],[107.47401922700004,-7.100378479999961,0],[107.47367182600004,-7.100216676999935,0],[107.47365279000007,-7.100095323999938,0],[107.47373845100009,-7.099957315999973,0],[107.47400733000006,-7.099628949999953,0],[107.47416199500009,-7.099300583999934,0],[107.47430238300007,-7.099131642999964,0],[107.47437376700009,-7.098915111999929,0],[107.47430000300005,-7.098612919999937,0],[107.47405967800006,-7.098536776999936,0],[107.47364565200007,-7.098403526999959,0],[107.47337915200006,-7.098446357999933,0],[107.47295322900004,-7.098463013999947,0],[107.47282711700007,-7.098039469999947,0],[107.47275335400008,-7.09790621999997,0],[107.47264389900005,-7.09787052799993,0],[107.47199668500008,-7.098674785999947,0],[107.47160645400004,-7.099172092999936,0],[107.47153744900004,-7.098934146999966,0],[107.47147082400005,-7.098877039999934,0],[107.47123054500008,-7.09888557599993,0],[107.47124862700008,-7.098833623999951,0],[107.47125389300004,-7.09880683199998,0],[107.47125968700004,-7.098748032999936,0],[107.47126236300005,-7.098660571999972,0],[107.47126838900004,-7.09855426799993,0],[107.47127963300005,-7.098406347999969,0],[107.47128748100005,-7.098203202999969,0],[107.47128986400008,-7.098106340999948,0],[107.47128977100004,-7.098089004999963,0],[107.47128630400005,-7.098056143999941,0],[107.47128293000009,-7.09804061899996,0],[107.47127562800006,-7.098017940999966,0],[107.47121095500006,-7.097885274999953,0],[107.47120372100005,-7.097869247999938,0],[107.47117067500005,-7.097812747999967,0],[107.47107571300006,-7.097675863999939,0],[107.47106361700008,-7.097652015999927,0],[107.47105763700006,-7.097548109999934,0],[107.47106560700007,-7.09747154799993,0],[107.47106903200006,-7.097440442999925,0],[107.47110983700009,-7.097393607999948,0],[107.47112022600004,-7.097382102999973,0],[107.47112971800004,-7.097366508999926,0],[107.47113618900005,-7.097345551999979,0],[107.47114148300005,-7.09732818699996,0],[107.47116960400007,-7.097215050999978,0],[107.47121491500008,-7.097070737999957,0],[107.47123307600003,-7.097025371999962,0],[107.47124774500008,-7.097004572999936,0],[107.47129345400003,-7.096959577999939,0],[107.47135188600004,-7.096908225999925,0],[107.47140239100008,-7.096876646999931,0],[107.47142208900004,-7.09686697799998,0],[107.47143464300007,-7.09686451999994,0],[107.47150464100008,-7.096860559999925,0],[107.47155425300008,-7.096849534999933,0],[107.47161757600009,-7.096828273999961,0],[107.47169878700004,-7.096794961999933,0],[107.47176267000003,-7.096766524999964,0],[107.47178295600008,-7.096755058999975,0],[107.47181391200007,-7.096724404999975,0],[107.47182696600004,-7.096703412999943,0],[107.47183406100004,-7.096687233999944,0],[107.47184294300007,-7.096653224999955,0],[107.47185536700005,-7.096617028999958,0],[107.47186171200008,-7.096589196999957,0],[107.47186007700009,-7.096569962999979,0],[107.47185247600004,-7.096545581999976,0],[107.47183688900009,-7.096531714999969,0],[107.47182362100006,-7.096525283999938,0],[107.47180503400006,-7.096518806999939,0],[107.47178945900004,-7.096515900999975,0],[107.47177508100003,-7.096512987999972,0],[107.47170225400004,-7.096498070999928,0],[107.47164187100009,-7.096480781999958,0],[107.47163203900004,-7.096477669999956,0],[107.47159241700007,-7.096461803999944,0],[107.47147524000007,-7.096404056999972,0],[107.47144527100005,-7.096386332999941,0],[107.47141565100009,-7.096362542999941,0],[107.47135697500005,-7.096302845999958,0],[107.47129477600004,-7.096223815999963,0],[107.47124890600008,-7.096151127999974,0],[107.47115373100007,-7.095965189999959,0],[107.47112183100006,-7.095878967999965,0],[107.47111544800003,-7.095851534999952,0],[107.47111487900008,-7.095839815999966,0],[107.47111552100006,-7.095819974999927,0],[107.47111771000004,-7.095804061999957,0],[107.47111708100005,-7.095727684999929,0],[107.47111149700004,-7.095690649999938,0],[107.47110296500006,-7.095661701999973,0],[107.47109750200008,-7.09564738399996,0],[107.47108752900004,-7.095628904999955,0],[107.47107999600007,-7.095619080999938,0],[107.47105055000009,-7.095596221999926,0],[107.47104214300003,-7.095590886999958,0],[107.47102836600004,-7.095588568999972,0],[107.47102537400008,-7.095588584999973,0],[107.47100028600005,-7.095597386999941,0],[107.47098969300004,-7.095602823999968,0],[107.47094366000005,-7.095619321999948,0],[107.47082482400003,-7.09565641599994,0],[107.47078377900004,-7.095666460999951,0],[107.47071487400007,-7.095686291999925,0],[107.47064878100008,-7.095702987999971,0],[107.47057570400005,-7.09571290599996,0],[107.47054034300004,-7.095713427999954,0],[107.47052406400007,-7.095711359999939,0],[107.47049062300005,-7.095697901999927,0],[107.47045889300006,-7.095673201999944,0],[107.47042403600005,-7.095591243999934,0],[107.47042140400004,-7.095453335999935,0],[107.47043252600008,-7.095397393999974,0],[107.47044088900009,-7.095349523999971,0],[107.47044544400006,-7.095305979999978,0],[107.47044815600009,-7.095275835999928,0],[107.47044804900008,-7.095255749999978,0],[107.47044701200008,-7.095240929999932,0],[107.47044212500003,-7.095222303999947,0],[107.47042521100008,-7.095192742999927,0],[107.47032250600006,-7.095056032999935,0],[107.47029207700007,-7.09500597899995,0],[107.47023357200004,-7.094898205999925,0],[107.47016505600004,-7.094749556999943,0],[107.47015064600004,-7.094724541999938,0],[107.47012819800005,-7.094666375999964,0],[107.47012016000008,-7.094633224999939,0],[107.47011129100008,-7.094493567999962,0],[107.47011220300004,-7.094469383999979,0],[107.47011428900004,-7.09445330799997,0],[107.47012524100006,-7.094409893999966,0],[107.47017389200005,-7.094154829999979,0],[107.47020413400008,-7.094080062999979,0],[107.47022697100005,-7.094053158999941,0],[107.47029574700008,-7.094022184999972,0],[107.47036431100008,-7.093997620999971,0],[107.47039999500004,-7.094031353999981,0],[107.47042099400005,-7.094041404999928,0],[107.47044256000004,-7.094045474999973,0],[107.47048023900004,-7.094041089999962,0],[107.47050234300008,-7.094033798999931,0],[107.47056263700006,-7.094005977999927,0],[107.47065275500006,-7.093959466999934,0],[107.47073215200004,-7.093922577999933,0],[107.47079172200006,-7.093898305999971,0],[107.47081970700003,-7.093888991999961,0],[107.47098725200004,-7.093840515999943,0],[107.47117070200005,-7.093789323999943,0],[107.47124294500009,-7.09376666199995,0],[107.47128427000007,-7.093750547999946,0],[107.47131822400007,-7.093734137999945,0],[107.47139825100004,-7.093703222999977,0],[107.47142867600007,-7.093685126999958,0],[107.47145842800006,-7.093653284999959,0],[107.47147982500007,-7.093625671999973,0],[107.47155716400005,-7.093473413999959,0],[107.47160443500007,-7.093406399999935,0],[107.47165677400005,-7.093343001999926,0],[107.47166791300003,-7.093325102999927,0],[107.47170016600006,-7.093262957999968,0],[107.47173023200008,-7.093165945999942,0],[107.47189841600004,-7.093030197999951,0],[107.47205505600004,-7.092956670999968,0],[107.47214272700006,-7.092877771999952,0],[107.47221653400004,-7.092704924999964,0],[107.47220575000006,-7.092573090999963,0],[107.47220686400004,-7.092512825999961,0],[107.47221594700005,-7.092465430999937,0],[107.47222316000006,-7.092444705999981,0],[107.47224751800007,-7.09233044299998,0],[107.47228095500009,-7.092270196999948,0],[107.47233071200009,-7.092218702999958,0],[107.47244528400006,-7.092156877999969,0],[107.47265563400003,-7.09213069499998,0],[107.47267418700005,-7.092125264999936,0],[107.47271159600007,-7.092106731999934,0],[107.47272763600006,-7.092096262999974,0],[107.47275141500006,-7.092074748999948,0],[107.47277297300008,-7.092015543999935,0],[107.47278206300007,-7.091969583999969,0],[107.47278103400004,-7.091932570999973,0],[107.47277819200008,-7.091830374999972,0],[107.47270996400005,-7.091706338999927,0],[107.47268684800008,-7.091621448999945,0],[107.47267210700005,-7.091550507999955,0],[107.47266559900004,-7.091487226999959,0],[107.47266612700008,-7.091449252999951,0],[107.47267139600007,-7.091403915999933,0],[107.47268194200007,-7.091315975999976,0],[107.47269886300006,-7.091273221999927,0],[107.47271457200009,-7.091233529999954,0],[107.47288362900008,-7.090954144999955,0],[107.47303946200009,-7.090729495999938,0],[107.47309193100006,-7.090578538999978,0],[107.47319600400004,-7.090279110999973,0],[107.47320715700005,-7.09021592299996,0],[107.47324131000005,-7.090156437999951,0],[107.47326785400008,-7.090106558999935,0],[107.47331936400008,-7.090069937999942,0],[107.47339395600005,-7.090052323999942,0],[107.47351265200007,-7.090045952999958,0],[107.47359113500005,-7.090039795999928,0],[107.47374576700008,-7.08994906199996,0],[107.47396395100009,-7.089819828999964,0],[107.47400856600007,-7.089724650999926,0],[107.47402545000006,-7.089664348999975,0],[107.47401936100005,-7.089647377999938,0],[107.47401070100005,-7.089579879999974,0],[107.47400194600004,-7.089554100999976,0],[107.47395283900005,-7.089543400999958,0],[107.47398920900008,-7.089499807999971,0],[107.47398913900008,-7.089486656999952,0],[107.47396563800004,-7.089442478999956,0],[107.47383645500008,-7.089245138999956,0],[107.47376097800009,-7.089129839999941,0],[107.47370113500006,-7.089040248999936,0],[107.47369043500004,-7.088959932999956,0],[107.47367719600004,-7.088860555999929,0],[107.47368446800004,-7.088787823999951,0],[107.47370905600008,-7.088730302999977,0],[107.47374329000007,-7.088686121999956,0],[107.47384639100005,-7.088628183999958,0],[107.47388997600007,-7.088602141999957,0],[107.47393038400008,-7.088577998999938,0],[107.47412669500005,-7.088402870999971,0],[107.47418374500006,-7.088327960999948,0],[107.47421597300007,-7.088266573999931,0],[107.47424044800005,-7.088188010999943,0],[107.47423770600005,-7.088143035999963,0],[107.47423415200007,-7.088084743999957,0],[107.47416363500008,-7.087791037999978,0],[107.47410046200008,-7.087647346999972,0],[107.47408979100004,-7.087554823999938,0],[107.47407555000007,-7.087431347999939,0],[107.47407138300008,-7.087368241999968,0],[107.47409397400008,-7.087295427999948,0],[107.47412831100007,-7.087270376999925,0],[107.47432481500005,-7.08713159499996,0],[107.47441645700007,-7.087079456999959,0],[107.47445651800007,-7.087050547999979,0],[107.47448308200006,-7.087004494999974,0],[107.47449578600003,-7.086930742999925,0],[107.47451837300008,-7.08679961799993,0],[107.47456460300003,-7.086491381999963,0],[107.47456739700004,-7.086472726999943,0],[107.47461822800005,-7.086133367999935,0],[107.47464664500006,-7.086075826999945,0],[107.47469991700007,-7.086010501999965,0],[107.47473240900007,-7.085998850999943,0],[107.47473954800006,-7.085999593999929,0],[107.47487228200004,-7.086013409999964,0],[107.47495262800004,-7.085997677999956,0],[107.47504046000006,-7.085949385999925,0],[107.47510168700006,-7.085939494999934,0],[107.47520319900008,-7.085942779999925,0],[107.47521313600004,-7.085944839999968,0],[107.47532014300003,-7.085967025999935,0],[107.47542743100007,-7.085976018999929,0],[107.47560336100008,-7.085929170999975,0],[107.47573906600007,-7.08588062299998,0],[107.47577757400006,-7.085813066999947,0],[107.47571073500006,-7.085718612999926,0],[107.47561172800005,-7.085611157999949,0],[107.47556901300004,-7.08554113799994,0],[107.47555351000005,-7.085506786999929,0],[107.47555326500009,-7.085460875999956,0],[107.47560253300009,-7.085363051999934,0],[107.47618601100004,-7.08489317599998,0],[107.47625739500006,-7.084838040999955,0],[107.47628327500007,-7.084818050999957,0],[107.47633842000005,-7.084745063999947,0],[107.47633848300006,-7.084742039999981,0],[107.47634010700006,-7.084664732999954,0],[107.47634147300005,-7.08459966099997,0],[107.47631831000007,-7.084565350999981,0],[107.47628753800007,-7.084540645999937,0],[107.47624326000005,-7.084496883999975,0],[107.47615488700006,-7.084443790999956,0],[107.47596451200008,-7.084295592999979,0],[107.47590949500005,-7.084216650999963,0],[107.47586223400003,-7.084148837999976,0],[107.47585813900008,-7.084099121999941,0],[107.47586174400004,-7.084057017999953,0],[107.47586924000007,-7.084026369999947,0],[107.47590544000008,-7.083991743999945,0],[107.47614455200005,-7.083942644999979,0],[107.47632645000004,-7.083937849999927,0],[107.47654836700008,-7.083896494999976,0],[107.47661872400005,-7.083854076999955,0],[107.47685569000004,-7.083711210999979,0],[107.47692174100007,-7.083679571999937,0],[107.47699703800004,-7.083643503999951,0],[107.47702667400006,-7.083623346999957,0],[107.47709625600004,-7.083576020999942,0],[107.47715842400004,-7.083466950999934,0],[107.47718922000007,-7.08341292199998,0],[107.47722144600004,-7.083351534999963,0],[107.47726927900004,-7.083343627999966,0],[107.47732822000006,-7.083332488999929,0],[107.47736301800006,-7.083325911999964,0],[107.47742994900005,-7.083308337999938,0],[107.47749286600003,-7.083256352999967,0],[107.47771426100007,-7.083050810999964,0],[107.47812860300007,-7.082590431999961,0],[107.47846921300004,-7.082379167999932,0],[107.47820352900004,-7.082075054999962,0],[107.47812413800006,-7.081910962999928,0],[107.47812367500006,-7.08188888199993,0],[107.47812156900005,-7.081788545999927,0],[107.47816173700005,-7.081407125999931,0],[107.47816531000007,-7.081373195999959,0],[107.47816257800008,-7.081220171999973,0],[107.47814853000006,-7.081099729999949,0],[107.47814245800004,-7.081038546999935,0],[107.47815746100008,-7.080979163999928,0],[107.47823310800004,-7.08094441399993,0],[107.47836416900009,-7.080868296999938,0],[107.47841027200008,-7.080856399999959,0],[107.47846249800006,-7.080848604999971,0],[107.47856690600008,-7.080911940999954,0],[107.47863801500006,-7.080902188999971,0],[107.47871487800006,-7.08090177899993,0],[107.47872630400008,-7.080800090999958,0],[107.47885779400008,-7.080769499999974,0],[107.47918669700005,-7.080725899999948,0],[107.47925511500006,-7.080650809999952,0],[107.47937419000004,-7.08053659199993,0],[107.47943313700006,-7.080368891999967,0],[107.47930505800008,-7.080368616999976,0],[107.47920309700004,-7.080370594999977,0],[107.47912842300008,-7.080372427999976,0],[107.47908235000006,-7.080351152999981,0],[107.47906790400003,-7.080335447999971,0],[107.47898439000005,-7.080295719999981,0],[107.47889370400009,-7.080257465999978,0],[107.47884896800008,-7.080217531999949,0],[107.47882278700007,-7.080155977999937,0],[107.47879805000008,-7.080095850999953,0],[107.47875177800006,-7.080037273999949,0],[107.47868113600003,-7.079987433999975,0],[107.47862638500004,-7.079954726999972,0],[107.47858316200006,-7.079929132999951,0],[107.47855258100009,-7.079850384999929,0],[107.47853506000007,-7.079778973999964,0],[107.47852762100007,-7.079748651999978,0],[107.47849150600007,-7.079440376999969,0],[107.47847269600004,-7.079100923999931,0],[107.47859276500009,-7.079232566999963,0],[107.47888582700006,-7.079442209999968,0],[107.47889530800006,-7.079456492999952,0],[107.47898794700006,-7.079596053999978,0],[107.47910310400005,-7.07975834299998,0],[107.47914616500009,-7.079819028999964,0],[107.47921830100006,-7.079879859999949,0],[107.47925098700006,-7.079904553999938,0],[107.47927687400005,-7.079911111999934,0],[107.47929410900008,-7.07991101999994,0],[107.47932378500008,-7.079909904999965,0],[107.47936733100005,-7.079891774999965,0],[107.47940759100004,-7.079866651999964,0],[107.47944284600004,-7.07982425299997,0],[107.47948347400006,-7.079756314999941,0],[107.47954643800006,-7.079651028999933,0],[107.47962731100006,-7.07946551699996,0],[107.47964648300007,-7.079290377999939,0],[107.47965857300005,-7.07913392699993,0],[107.47963951900005,-7.079062291999946,0],[107.47956680800007,-7.078893859999937,0],[107.47958655100007,-7.078753325999969,0],[107.47970284200005,-7.078548798999975,0],[107.47977365200006,-7.078341598999941,0],[107.47979030300007,-7.078312164999943,0],[107.47982688900004,-7.078262005999932,0],[107.47984061900007,-7.078253802999939,0],[107.47995749700004,-7.078183975999934,0],[107.48013743700005,-7.078171537999935,0],[107.48022555300008,-7.078176806999977,0],[107.48038653100008,-7.078181868999934,0],[107.48045872700004,-7.078184138999973,0],[107.48048746100005,-7.078181064999967,0],[107.48052284600004,-7.078173224999944,0],[107.48062565500004,-7.078153630999964,0],[107.48065176500006,-7.078137790999961,0],[107.48068291800007,-7.078118891999964,0],[107.48075721100008,-7.078045802999952,0],[107.48083542500007,-7.077989909999928,0],[107.48090043000008,-7.077970432999962,0],[107.48095983200005,-7.077977767999926,0]]]]}},{"type":"Feature","properties":{"OBJECTID":79,"NAMOBJ":"Cukanggenteng","SRS_ID":"SRGI 2013","KDEPUM":"32.04.38.2004","KDPKAB":"32.04","KDPPUM":"32","TIPADM":2,"WADMKC":"Pasirjambu","WADMKD":"Cukanggenteng","WADMKK":"Bandung","WADMPR":"Jawa Barat","WIADKD":"Cukanggenteng","WIADKC":"Pasirjambu","WIADKK":"Bandung","WIADPR":"Jawa Barat","SHAPE_Leng":0.12039889134,"SHAPE_Area":0.00040242798,"LUASHA":491.673317251},"geometry":{"type":"MultiPolygon","coordinates":[[[[107.49230528200007,-7.063541718999943,0],[107.49213480200007,-7.063680206999948,0],[107.49193946100007,-7.064006898999935,0],[107.49174056900006,-7.064045960999977,0],[107.49158784700006,-7.064369099999965,0],[107.49229462700004,-7.064589260999981,0],[107.49235277800005,-7.064746582999931,0],[107.49265689600008,-7.065569333999974,0],[107.49286289100007,-7.066045165999981,0],[107.49284158100005,-7.066556509999941,0],[107.49295168200007,-7.066634630999943,0],[107.49294102700009,-7.066801527999928,0],[107.49326422800004,-7.066851241999927,0],[107.49366911700008,-7.066876097999966,0],[107.49387511300006,-7.067117565999979,0],[107.49393904200008,-7.067337726999938,0],[107.49432989200005,-7.067357974999936,0],[107.49462451100004,-7.06737323699997,0],[107.49507202100006,-7.068211269999949,0],[107.49555149300005,-7.068839795999963,0],[107.49630444300004,-7.068932120999932,0],[107.49633430800009,-7.069365086999937,0],[107.49636837300005,-7.069858929999953,0],[107.49658147200006,-7.070317006999971,0],[107.49639323600007,-7.070522963999963,0],[107.49575038500006,-7.070913572999928,0],[107.49558701000007,-7.071314834999953,0],[107.49559411300004,-7.071811973999957,0],[107.49546270100006,-7.072632251999948,0],[107.49546625300007,-7.073090329999957,0],[107.49553018300008,-7.073189757999955,0],[107.49622985900004,-7.072973146999971,0],[107.49689756900005,-7.073775669999975,0],[107.49752266000007,-7.074215993999928,0],[107.49758303900006,-7.074453909999932,0],[107.49764341700006,-7.074897782999926,0],[107.49779613800007,-7.075586675999944,0],[107.49821523200006,-7.075682551999932,0],[107.49865881700003,-7.075612060999958,0],[107.49875153200009,-7.075597327999958,0],[107.49907828600004,-7.075661245999981,0],[107.49944410500007,-7.075512103999927,0],[107.49983123500004,-7.075529858999971,0],[107.50006209300005,-7.075657694999961,0],[107.50034977700005,-7.076034099999958,0],[107.50058063200004,-7.076357238999947,0],[107.50119862000008,-7.076747847999968,0],[107.50124834600007,-7.076950253999939,0],[107.50144723600005,-7.077028376999976,0],[107.50183791700005,-7.076946703999965,0],[107.50221084100008,-7.076403400999936,0],[107.50244170100007,-7.076556094999944,0],[107.50255890300008,-7.076808214999971,0],[107.50308099500006,-7.078253466999968,0],[107.50369898400004,-7.078647625999963,0],[107.50417490400008,-7.078960114999973,0],[107.50465141700005,-7.079433783999946,0],[107.50478934200004,-7.079570884999953,0],[107.50526881400003,-7.079606395999974,0],[107.50559201500005,-7.07951051699996,0],[107.50574118400004,-7.079737780999949,0],[107.50619579600004,-7.079894023999941,0],[107.50643020600006,-7.080139041999928,0],[107.50655096200006,-7.080210062999981,0],[107.50669302900008,-7.080341450999981,0],[107.50672144100008,-7.080756914999938,0],[107.50688481800006,-7.08127890999998,0],[107.50701267700003,-7.081879026999957,0],[107.50721867100003,-7.082088535999958,0],[107.50771215800006,-7.082218027999943,0],[107.50915350400004,-7.082918756999959,0],[107.51021593900003,-7.082943515999943,0],[107.51086479100007,-7.083394161999934,0],[107.51120407500008,-7.084278121999944,0],[107.51182321000005,-7.085100178999937,0],[107.51277915400004,-7.086254028999974,0],[107.51345525000005,-7.087182555999959,0],[107.51439889600005,-7.088149084999941,0],[107.51477276600008,-7.088532018999956,0],[107.51489907100006,-7.088985139999977,0],[107.51490317400004,-7.089112289999946,0],[107.51490402500008,-7.089138656999978,0],[107.51478019500007,-7.089212938999935,0],[107.51459941100006,-7.089165893999962,0],[107.51447806100003,-7.08924512599998,0],[107.51437652000004,-7.089230269999973,0],[107.51427250700004,-7.089319407999938,0],[107.51451768300007,-7.089591777999942,0],[107.51429479500007,-7.089715579999961,0],[107.51408924400005,-7.089423404999934,0],[107.51391093100005,-7.089524922999942,0],[107.51370785500006,-7.089450640999928,0],[107.51347258500005,-7.08962891699997,0],[107.51316054200004,-7.089448165999954,0],[107.51302433300003,-7.089502639999978,0],[107.51288812100006,-7.089750244999948,0],[107.51263056100004,-7.089883953999959,0],[107.51242501100006,-7.089841860999968,0],[107.51226403600003,-7.089965663999976,0],[107.51215011500005,-7.090176131999954,0],[107.51185540600005,-7.090307361999976,0],[107.51174396300007,-7.09042126199995,0],[107.51152107200005,-7.090408881999963,0],[107.51121645900008,-7.090572304999966,0],[107.51113064600008,-7.090552951999939,0],[107.51088707900004,-7.090498021999963,0],[107.51006734700007,-7.09087686099997,0],[107.50956565600006,-7.090770084999974,0],[107.50944628500008,-7.091034463999961,0],[107.50934504800006,-7.090909072999978,0],[107.50873912400004,-7.090717207999944,0],[107.50863033000007,-7.090489085999934,0],[107.50851247200006,-7.090499660999967,0],[107.50774940100007,-7.090730804999964,0],[107.50751670400007,-7.090620520999948,0],[107.50751580200006,-7.090620400999967,0],[107.50738071300009,-7.090602390999948,0],[107.50729005200009,-7.090502683999944,0],[107.50716010100007,-7.09043621099994,0],[107.50695913600003,-7.090270027999964,0],[107.50685185400005,-7.090088737999963,0],[107.50683070000008,-7.089905939999937,0],[107.50674154900008,-7.089878746999943,0],[107.50651489300009,-7.089856084999951,0],[107.50640307800006,-7.089908959999946,0],[107.50625197400007,-7.089937664999979,0],[107.50611900600006,-7.089872702999969,0],[107.50569289700007,-7.089579619999938,0],[107.50556143700004,-7.089436098999954,0],[107.50551157300004,-7.089221572999975,0],[107.50537406900008,-7.089135459999966,0],[107.50524563400006,-7.089087117999952,0],[107.50510813000005,-7.089076542999976,0],[107.50501293400004,-7.089150566999933,0],[107.50507337500005,-7.089285024999981,0],[107.50491018500009,-7.08945573699998,0],[107.50478628100007,-7.089510122999968,0],[107.50462460000006,-7.089485952999951,0],[107.50451278600008,-7.089340920999973,0],[107.50403681200004,-7.089147546999925,0],[107.50389628700009,-7.089280490999954,0],[107.50373008500009,-7.089354896999964,0],[107.50369381000007,-7.089371136999944,0],[107.50358501300008,-7.089342432999956,0],[107.50351550600004,-7.089220060999935,0],[107.50325561100004,-7.089262363999978,0],[107.50299118100008,-7.089856084999951,0],[107.50285216800006,-7.089924069999938,0],[107.50277963700006,-7.089803209999957,0],[107.50265724400003,-7.089718606999952,0],[107.50258471600006,-7.089588682999931,0],[107.50241548200006,-7.089380200999926,0],[107.50234748400004,-7.089378688999943,0],[107.50226891000005,-7.089519189999976,0],[107.50216616100005,-7.089689901999975,0],[107.50206643200005,-7.089726161999977,0],[107.50199088100004,-7.089682349999975,0],[107.50195612900006,-7.089550914999961,0],[107.50183978000007,-7.089339411999958,0],[107.50160707900005,-7.089226103999977,0],[107.50135625000007,-7.089032729999929,0],[107.50121119300007,-7.088818203999949,0],[107.50114168300007,-7.088366492999967,0],[107.50085156600005,-7.088340807999941,0],[107.50068384300005,-7.088416347999953,0],[107.50033479500007,-7.088652020999973,0],[107.50021089200004,-7.088954170999955,0],[107.50010965200005,-7.088981363999949,0],[107.49982557400006,-7.089751115999945,0],[107.49978293200007,-7.089820324999948,0],[107.49950505800007,-7.089694131999977,0],[107.49936414900009,-7.089664760999938,0],[107.49929683400006,-7.089699555999971,0],[107.49925585000005,-7.089823161999959,0],[107.49928234300006,-7.089942099999973,0],[107.49927416700007,-7.090023922999933,0],[107.49922001800007,-7.090103122999949,0],[107.49908544100003,-7.09018275699998,0],[107.49890460400007,-7.090206684999941,0],[107.49883980500005,-7.090175469999963,0],[107.49874401000005,-7.090096263999953,0],[107.498656,-7.090082,0],[107.49845832800008,-7.090088611999931,0],[107.49808865300008,-7.089886802999956,0],[107.49805511200009,-7.089814557999944,0],[107.49800015400007,-7.089704608999966,0],[107.49817074000003,-7.089252644999931,0],[107.49817330300004,-7.089245853999955,0],[107.49791524600005,-7.08848616399996,0],[107.49781982000007,-7.088374854999927,0],[107.49772439500003,-7.088263545999951,0],[107.49771702100008,-7.08826025999997,0],[107.49647802100009,-7.088220988999979,0],[107.49592107100005,-7.088178697999979,0],[107.49477915500006,-7.088091985999938,0],[107.49427021200006,-7.088271159999977,0],[107.49332759300006,-7.088572165999949,0],[107.49246418000007,-7.088714722999953,0],[107.49098358900005,-7.088959175999946,0],[107.49089957400008,-7.089011676999974,0],[107.49043880400006,-7.08929960599994,0],[107.48983667500005,-7.089485940999964,0],[107.48925605000005,-7.08956835999993,0],[107.48864316800007,-7.089475192999942,0],[107.48852721200006,-7.08947749999993,0],[107.48792276300009,-7.089489524999976,0],[107.48783898900007,-7.089513599999975,0],[107.48732421700004,-7.089661530999933,0],[107.48719160500008,-7.089887285999964,0],[107.48710406700008,-7.089951542999927,0],[107.48690846200009,-7.090095125999937,0],[107.48676868100006,-7.090037792999965,0],[107.48660381200006,-7.089794118999976,0],[107.48636367700004,-7.089665115999935,0],[107.48628046000005,-7.089737412999966,0],[107.48596486300005,-7.090011596999943,0],[107.48590433300006,-7.090064183999971,0],[107.48573110200005,-7.089913907999971,0],[107.48567242300004,-7.089863004999927,0],[107.48552918500008,-7.089457238999955,0],[107.48530409600005,-7.089211734999935,0],[107.48524881400004,-7.088979837999943,0],[107.48514721600009,-7.088553642999955,0],[107.48549508000008,-7.088124007999966,0],[107.48525976000008,-7.088096730999951,0],[107.48504567600008,-7.087979674999929,0],[107.48482322400008,-7.087858043999972,0],[107.48499374600004,-7.087670505999938,0],[107.48513698400006,-7.08743863899997,0],[107.48493235800004,-7.087288607999938,0],[107.48519155200006,-7.08679077599993,0],[107.48458774100004,-7.086170403999972,0],[107.48457426200008,-7.086156554999945,0],[107.48449469600007,-7.085858238999947,0],[107.48463961900006,-7.085692840999968,0],[107.48462420700008,-7.085496843999977,0],[107.48450378100006,-7.085358796999969,0],[107.48425906400007,-7.085254891999966,0],[107.48393309100004,-7.085175333999928,0],[107.48367216900004,-7.085171170999956,0],[107.483515,-7.085256000999948,0],[107.48338728800007,-7.08531312599996,0],[107.48325357600004,-7.085376011999927,0],[107.48311889100006,-7.085257170999967,0],[107.48314177800006,-7.085060968999926,0],[107.48320810900009,-7.084931488999928,0],[107.48324548500005,-7.08475912199998,0],[107.48323460500006,-7.08451527699998,0],[107.48315237600008,-7.084357895999972,0],[107.48309853700005,-7.084138191999955,0],[107.48308294700007,-7.083908717999975,0],[107.48312490600006,-7.083698066999943,0],[107.48322467100007,-7.083554061999962,0],[107.48335112000007,-7.083459138999956,0],[107.48346162200005,-7.08344477299994,0],[107.48363322500006,-7.083529102999933,0],[107.48369098000006,-7.083586182999966,0],[107.48380024900007,-7.083652552999979,0],[107.48400438200008,-7.08377700099993,0],[107.48408713500004,-7.083808839999961,0],[107.48419259100007,-7.083833383999945,0],[107.48433130700005,-7.083811121999929,0],[107.48443038100004,-7.083761571999958,0],[107.48451835000009,-7.083649910999952,0],[107.48468359400005,-7.083440991999964,0],[107.48479528200005,-7.083288552999932,0],[107.48479841200009,-7.083202452999956,0],[107.48472492500008,-7.083113174999937,0],[107.48465253300009,-7.083004761999973,0],[107.48459073300006,-7.082862814999942,0],[107.48454919000005,-7.082704021999973,0],[107.48455064200004,-7.082528259999947,0],[107.48454629000008,-7.082386005999979,0],[107.48465159000006,-7.082158277999952,0],[107.48472062800005,-7.082087368999964,0],[107.48493286100006,-7.081936783999936,0],[107.48496470100008,-7.081848138999931,0],[107.48493541400006,-7.081743081999946,0],[107.48489561200006,-7.081685905999962,0],[107.48481872700006,-7.081632513999978,0],[107.48474685400004,-7.081620941999972,0],[107.48467410400008,-7.081669154999929,0],[107.48456679400005,-7.081745051999974,0],[107.48446896200005,-7.081802963999962,0],[107.48434502100008,-7.081790474999934,0],[107.48422108000005,-7.081777984999974,0],[107.48411421100008,-7.081712797999955,0],[107.48408110300005,-7.081564718999971,0],[107.48417343700004,-7.081374124999968,0],[107.48417287100006,-7.081268316999967,0],[107.48409323400006,-7.081147985999962,0],[107.48396562300007,-7.081008781999969,0],[107.48390284400006,-7.080907489999959,0],[107.48390699100008,-7.080787907999934,0],[107.48397132500008,-7.080732565999938,0],[107.48414243100007,-7.080724477999979,0],[107.48426091000005,-7.080722649999927,0],[107.48433726300004,-7.080676808999954,0],[107.48439288600008,-7.080559341999958,0],[107.48441815600006,-7.080406009999933,0],[107.48440584800005,-7.080253037999967,0],[107.48433626600007,-7.080132892999927,0],[107.48426873200003,-7.080037604999973,0],[107.48424886600009,-7.079903803999969,0],[107.48420970700005,-7.079791231999934,0],[107.48446628500005,-7.079738126999928,0],[107.48467734400003,-7.079815430999929,0],[107.48484775000009,-7.079810694999935,0],[107.48515373400005,-7.079734453999947,0],[107.48541133400005,-7.079562822999947,0],[107.48548913800005,-7.079430411999965,0],[107.48552091300007,-7.079284856999948,0],[107.48544152100004,-7.07912076599996,0],[107.48532824500006,-7.079065894999928,0],[107.48519341400004,-7.078919316999929,0],[107.48519267600005,-7.07878158699998,0],[107.48526445900006,-7.078597558999945,0],[107.48588023500008,-7.077606698999944,0],[107.48628497300007,-7.077198029999977,0],[107.48632311600005,-7.077057342999979,0],[107.48611274700005,-7.076885103999928,0],[107.48598069900004,-7.076811084999974,0],[107.48589321000009,-7.076677045999929,0],[107.48588300200004,-7.076446946999965,0],[107.48593533800005,-7.076162710999938,0],[107.48586207300008,-7.075891102999947,0],[107.48577732100006,-7.075709225999958,0],[107.48577378500005,-7.075607617999935,0],[107.48617577000005,-7.075243799999953,0],[107.48623204200004,-7.07513589499996,0],[107.48630191300003,-7.074773850999975,0],[107.48636959300006,-7.074561269999947,0],[107.48656253700005,-7.074273293999966,0],[107.48656143300008,-7.074067057999969,0],[107.48649461700006,-7.073882096999967,0],[107.48649690500008,-7.07375056799998,0],[107.48652637700008,-7.07366671799997,0],[107.48657109700008,-7.073636588999932,0],[107.48669047200008,-7.073579159999952,0],[107.48681855200005,-7.073470870999927,0],[107.48691381500004,-7.073380691999944,0],[107.48705363900007,-7.073230494999962,0],[107.48712163800008,-7.07307769199997,0],[107.48714125400005,-7.072829498999965,0],[107.48714993500005,-7.072651377999932,0],[107.48719780600004,-7.072651121999968,0],[107.48735009300009,-7.072593516999973,0],[107.48748654000008,-7.072371600999929,0],[107.48764673100004,-7.072113689999981,0],[107.48775636200008,-7.071912840999971,0],[107.48796173600005,-7.071711479999976,0],[107.48832267600005,-7.071506298999964,0],[107.48872251200004,-7.071300908999945,0],[107.48901431600007,-7.071036316999937,0],[107.48927245600004,-7.070631420999973,0],[107.48938110900008,-7.070248246999938,0],[107.48945891400007,-7.069691876999968,0],[107.48952017700009,-7.069217118999973,0],[107.48952562300008,-7.069004989999939,0],[107.48955292400007,-7.068739420999975,0],[107.48966566300004,-7.068337095999937,0],[107.48988361800008,-7.067960033999952,0],[107.49017392900004,-7.067640451999978,0],[107.49043169000004,-7.06750038399997,0],[107.49072993600004,-7.067321840999966,0],[107.49088970200006,-7.067208599999958,0],[107.49097242600004,-7.067012078999937,0],[107.49089469200004,-7.066799677999938,0],[107.49073082900009,-7.066594910999981,0],[107.49048566200008,-7.066404924999972,0],[107.49000592800007,-7.066216192999946,0],[107.48967963700005,-7.066074463999939,0],[107.48957764900007,-7.065802411999925,0],[107.48960040700007,-7.06558229999996,0],[107.48983412900009,-7.065423230999954,0],[107.49002932400003,-7.065221326999961,0],[107.49011856400006,-7.064900428999977,0],[107.49013087600008,-7.064517770999942,0],[107.49013909400009,-7.06426425899997,0],[107.49018617100006,-7.064115752999953,0],[107.49031933800006,-7.06395243999998,0],[107.49058129600007,-7.063702354999975,0],[107.49093899400003,-7.063451758999975,0],[107.49119626600009,-7.063220827999942,0],[107.49151116200005,-7.063023066999961,0],[107.491824,-7.06289849999996,0],[107.49206364100007,-7.062865285999976,0],[107.49230528200007,-7.063541718999943,0]]]]}},{"type":"Feature","properties":{"OBJECTID":101,"NAMOBJ":"Cikoneng","SRS_ID":"SRGI 2013","KDEPUM":"32.04.38.2003","KDPKAB":"32.04","KDPPUM":"32","TIPADM":2,"WADMKC":"Pasirjambu","WADMKD":"Cikoneng","WADMKK":"Bandung","WADMPR":"Jawa Barat","WIADKD":"Cikoneng","WIADKC":"Pasirjambu","WIADKK":"Bandung","WIADPR":"Jawa Barat","SHAPE_Leng":0.12627053011,"SHAPE_Area":0.00042326979,"LUASHA":517.15461769},"geometry":{"type":"MultiPolygon","coordinates":[[[[107.49685390300004,-7.047896648999938,0],[107.49687450200008,-7.047925714999963,0],[107.49696816900007,-7.048041705999935,0],[107.49708981200007,-7.048175289999961,0],[107.49723337600005,-7.04835415499997,0],[107.49734234200008,-7.048498068999947,0],[107.49747558100006,-7.048699289999945,0],[107.49761570800007,-7.048942441999941,0],[107.497685,-7.049123,0],[107.49770030000008,-7.049215978999939,0],[107.49769749200004,-7.049270694999962,0],[107.49769027500008,-7.04929862399996,0],[107.49766854100005,-7.049332098999969,0],[107.49759014400007,-7.049404513999946,0],[107.49749776100003,-7.049467997999955,0],[107.49715850000007,-7.049700499999972,0],[107.49705312500004,-7.049802427999964,0],[107.49694007200009,-7.049927121999929,0],[107.49688757200005,-7.050060370999972,0],[107.49687329600005,-7.050151623999966,0],[107.49686880900003,-7.050339477999955,0],[107.49688371600007,-7.050441262999925,0],[107.49690111800004,-7.050472732999935,0],[107.49691993300007,-7.050499891999948,0],[107.49696751500005,-7.05053550599996,0],[107.49702222400003,-7.050561037999955,0],[107.49708263900004,-7.050579365999965,0],[107.49717746600004,-7.050587466999957,0],[107.49740953900005,-7.050544080999941,0],[107.49742743200005,-7.050534875999972,0],[107.49765479800004,-7.050412827999935,0],[107.49773418400008,-7.050380985999936,0],[107.49782885000008,-7.050361751999958,0],[107.49791665500004,-7.050360114999933,0],[107.49796996100008,-7.050365486999965,0],[107.49802045100006,-7.050387632999957,0],[107.49810302500003,-7.050450522999938,0],[107.49816501500004,-7.050494666999953,0],[107.49821857400008,-7.05055260599994,0],[107.49825764100007,-7.050610544999927,0],[107.49832140800004,-7.050756620999948,0],[107.49835723000007,-7.050859081999931,0],[107.49838290000008,-7.050963060999948,0],[107.49838650300006,-7.050999980999961,0],[107.49838380000006,-7.051074447999952,0],[107.49835953800005,-7.051151498999957,0],[107.49822327900006,-7.051451309999948,0],[107.49793003200006,-7.051934942999935,0],[107.49757572300007,-7.052476670999965,0],[107.49746033600007,-7.052685467999936,0],[107.49742752700007,-7.052764026999967,0],[107.49742051600003,-7.052795627999956,0],[107.49742659100008,-7.052857288999974,0],[107.49744123600004,-7.052910294999947,0],[107.49750780300008,-7.053004629999975,0],[107.49753384500008,-7.053040357999976,0],[107.49756273600008,-7.053071766999949,0],[107.49763486300009,-7.053131638999957,0],[107.49775150100004,-7.05318983899997,0],[107.49785649600005,-7.053219405999926,0],[107.49824059900004,-7.053342169999951,0],[107.49837727300007,-7.053387348999934,0],[107.49844061400006,-7.053415704999964,0],[107.49847660900008,-7.053432728999951,0],[107.49861075700005,-7.053542482999944,0],[107.49871623700005,-7.053662434999978,0],[107.49880744900008,-7.053799678999951,0],[107.49892323000006,-7.05400981799994,0],[107.49897806000007,-7.05408024299993,0],[107.49901894500005,-7.054148065999925,0],[107.49904234400009,-7.054223237999963,0],[107.49905694800009,-7.054316815999925,0],[107.49907579900008,-7.054514558999927,0],[107.49909387500009,-7.054760754999961,0],[107.49909580700006,-7.054813911999929,0],[107.49908730600004,-7.054835477999973,0],[107.49907017300006,-7.054854220999971,0],[107.49904297200004,-7.054870147999964,0],[107.49899844100008,-7.05488214199994,0],[107.49894864600009,-7.054898837999929,0],[107.49888796000005,-7.05490765199994,0],[107.49884885600005,-7.054909959999975,0],[107.49881858100008,-7.054910302999929,0],[107.49876587500006,-7.054905825999981,0],[107.49848156600007,-7.054844736999939,0],[107.49840403000007,-7.054820458999927,0],[107.49833769700007,-7.054782762999935,0],[107.49830817600008,-7.054760594999948,0],[107.49827675400007,-7.05472790999994,0],[107.49819739200007,-7.054658033999942,0],[107.49810678800009,-7.054634128999965,0],[107.49799470400006,-7.054621815999951,0],[107.49788562300006,-7.054633877999947,0],[107.49769358000009,-7.05470807599994,0],[107.49765214200005,-7.054747034999934,0],[107.49759790900004,-7.054810452999959,0],[107.49750653800004,-7.054911371999935,0],[107.49742675600004,-7.055030879999947,0],[107.49734541700008,-7.055182411999965,0],[107.49731027100006,-7.055272791999926,0],[107.49729859800004,-7.055318370999942,0],[107.49729415800005,-7.055440551999936,0],[107.49730342100008,-7.055564297999979,0],[107.49735885600006,-7.055865924999978,0],[107.49738970800007,-7.055989490999934,0],[107.49739677800005,-7.056135770999958,0],[107.49739551800008,-7.056168775999936,0],[107.49738849200008,-7.056197507999968,0],[107.49737993700006,-7.05620903199997,0],[107.49735415700007,-7.056222081999977,0],[107.49732688600005,-7.05622509799997,0],[107.49729095300006,-7.05621955099997,0],[107.49720504500004,-7.056195084999956,0],[107.49712977700005,-7.05616109999994,0],[107.49706316400005,-7.05612197399995,0],[107.49694819400008,-7.056040610999958,0],[107.49683004300005,-7.055968072999974,0],[107.49673932300004,-7.055922647999978,0],[107.49669473500006,-7.055909973999974,0],[107.49664732100007,-7.055905922999955,0],[107.49654969000005,-7.055910749999953,0],[107.49646936900007,-7.055929830999958,0],[107.49638627600007,-7.055967577999979,0],[107.49634478300004,-7.055996494999931,0],[107.49629329100009,-7.056035506999933,0],[107.49626474600007,-7.056068658999948,0],[107.49622347600007,-7.056139179999946,0],[107.49618170400004,-7.056244533999973,0],[107.49614353200008,-7.056389573999979,0],[107.49611957400003,-7.056581628999936,0],[107.49610889500008,-7.056842776999929,0],[107.49610921300007,-7.056975042999966,0],[107.49611724000005,-7.057090553999956,0],[107.49613650900005,-7.057615830999964,0],[107.49614239400006,-7.057670133999977,0],[107.49616589600004,-7.057760634999966,0],[107.49626709100005,-7.058113115999959,0],[107.49628025800007,-7.058158238999965,0],[107.49629497600006,-7.058224873999961,0],[107.49629652800007,-7.05824638699994,0],[107.49630253400005,-7.05829513499998,0],[107.49630587600006,-7.05838263499993,0],[107.49631998400008,-7.058712614999934,0],[107.49637824100006,-7.059169477999944,0],[107.49638150600003,-7.059223424999971,0],[107.49636563700005,-7.059412410999926,0],[107.49634832200007,-7.05949394199996,0],[107.49632909000007,-7.059539978999965,0],[107.49629330600004,-7.059594680999965,0],[107.49624312700007,-7.059658462999948,0],[107.49618051400006,-7.059721791999948,0],[107.49609061700005,-7.059791159999975,0],[107.49594713000005,-7.059873196999945,0],[107.49587937500007,-7.059897447999958,0],[107.49571527700004,-7.059925245999978,0],[107.49563135000005,-7.059941476999938,0],[107.49561342900006,-7.059947311999963,0],[107.49558761800006,-7.059954623999943,0],[107.49552601500005,-7.059982929999933,0],[107.49549022400004,-7.060003924999933,0],[107.49540520600004,-7.06007938099998,0],[107.49529436600005,-7.060179952999931,0],[107.49525974800008,-7.060220122999965,0],[107.49524602900004,-7.06024382499993,0],[107.49522546000009,-7.060298814999953,0],[107.49518477700008,-7.060484671999973,0],[107.49518870900005,-7.060528249999948,0],[107.49522656200008,-7.060649523999928,0],[107.49528996400005,-7.060791291999976,0],[107.49533309200007,-7.060863033999965,0],[107.49543413800006,-7.060979664999934,0],[107.49548968200008,-7.061032652999927,0],[107.49551814600005,-7.061054382999941,0],[107.49568631400007,-7.061176997999951,0],[107.49574080300005,-7.061233247999951,0],[107.49579031100006,-7.061308653999959,0],[107.49580471400009,-7.061337962999971,0],[107.49580769300007,-7.061358032999976,0],[107.49575958100007,-7.061491718999946,0],[107.49571683700009,-7.061555074999944,0],[107.49569117900006,-7.061591079999971,0],[107.49562688500004,-7.061653116999935,0],[107.49559396200004,-7.061673379999945,0],[107.49554670200007,-7.061698022999963,0],[107.49549077800003,-7.061714103999975,0],[107.49538749400006,-7.061736177999933,0],[107.49522810100007,-7.061739899999964,0],[107.49518503300004,-7.061743,0],[107.49514481400007,-7.061741780999967,0],[107.49506436100006,-7.06173647199995,0],[107.49502127800008,-7.061736702999951,0],[107.49495373500008,-7.061728455999969,0],[107.49487324300009,-7.061715973999981,0],[107.49483153500006,-7.061704719999966,0],[107.49478837400005,-7.061690602999931,0],[107.49474957600006,-7.061686506999933,0],[107.49471795900007,-7.06168237199995,0],[107.49467056000009,-7.061681190999934,0],[107.49459436900008,-7.06166725099996,0],[107.49456273600003,-7.061660246999963,0],[107.49446325100007,-7.06162674199993,0],[107.49413778000007,-7.061478120999936,0],[107.49408051400007,-7.061456371999952,0],[107.49389721500006,-7.061412170999972,0],[107.49358640100007,-7.061384090999979,0],[107.49328326900007,-7.061377587999971,0],[107.49315350000006,-7.061388435999959,0],[107.49296412500007,-7.06142002799993,0],[107.49289209000005,-7.061448388999963,0],[107.49286940900004,-7.061460344999944,0],[107.49281763900007,-7.061513349999927,0],[107.49278855000006,-7.061554397999942,0],[107.49276502200007,-7.061602042999937,0],[107.49275675300004,-7.061650813999961,0],[107.49275929100008,-7.061677700999951,0],[107.49281543900008,-7.061759145999929,0],[107.49286972700008,-7.061820030999968,0],[107.49290628200004,-7.061851376999925,0],[107.49296381700009,-7.061890351999978,0],[107.49319272500009,-7.06200563699997,0],[107.49325951900005,-7.06202749199997,0],[107.49336855200005,-7.062054693999926,0],[107.49354817600005,-7.06207743899995,0],[107.49362005900008,-7.062091400999975,0],[107.49364312100005,-7.06210705999996,0],[107.49366621500008,-7.062128456999972,0],[107.49369228800003,-7.062169924999978,0],[107.49370393800007,-7.062199990999943,0],[107.49370989800008,-7.062240131999943,0],[107.49371782300005,-7.062328958999956,0],[107.49370807100007,-7.062519110999972,0],[107.49360485600005,-7.062688242999968,0],[107.49346548800008,-7.062810938999974,0],[107.49324705800007,-7.062919711999939,0],[107.49305345100004,-7.062970961999952,0],[107.49284534900005,-7.062997182999936,0],[107.49270893700009,-7.063001498999938,0],[107.49246097600007,-7.06295978299994,0],[107.49206364100007,-7.062865285999976,0],[107.491824,-7.06289849999996,0],[107.49151116200005,-7.063023066999961,0],[107.49119626600009,-7.063220827999942,0],[107.49093899400003,-7.063451758999975,0],[107.49058129600007,-7.063702354999975,0],[107.49031933800006,-7.06395243999998,0],[107.49018617100006,-7.064115752999953,0],[107.49013909400009,-7.06426425899997,0],[107.49013087600008,-7.064517770999942,0],[107.49011856400006,-7.064900428999977,0],[107.49002932400003,-7.065221326999961,0],[107.48983412900009,-7.065423230999954,0],[107.48960040700007,-7.06558229999996,0],[107.48957764900007,-7.065802411999925,0],[107.48967963700005,-7.066074463999939,0],[107.49000592800007,-7.066216192999946,0],[107.49048566200008,-7.066404924999972,0],[107.49073082900009,-7.066594910999981,0],[107.49089469200004,-7.066799677999938,0],[107.49097242600004,-7.067012078999937,0],[107.49088970200006,-7.067208599999958,0],[107.49072993600004,-7.067321840999966,0],[107.49043169000004,-7.06750038399997,0],[107.49017392900004,-7.067640451999978,0],[107.48988361800008,-7.067960033999952,0],[107.48966566300004,-7.068337095999937,0],[107.48955292400007,-7.068739420999975,0],[107.48952562300008,-7.069004989999939,0],[107.48952017700009,-7.069217118999973,0],[107.48945891400007,-7.069691876999968,0],[107.48938110900008,-7.070248246999938,0],[107.48927245600004,-7.070631420999973,0],[107.48901431600007,-7.071036316999937,0],[107.48872251200004,-7.071300908999945,0],[107.48832267600005,-7.071506298999964,0],[107.48796173600005,-7.071711479999976,0],[107.48775636200008,-7.071912840999971,0],[107.48764673100004,-7.072113689999981,0],[107.48748654000008,-7.072371600999929,0],[107.48735009300009,-7.072593516999973,0],[107.48719780600004,-7.072651121999968,0],[107.48714993500005,-7.072651377999932,0],[107.48714125400005,-7.072829498999965,0],[107.48712163800008,-7.07307769199997,0],[107.48705363900007,-7.073230494999962,0],[107.48691381500004,-7.073380691999944,0],[107.48681855200005,-7.073470870999927,0],[107.48669047200008,-7.073579159999952,0],[107.48657109700008,-7.073636588999932,0],[107.48652637700008,-7.07366671799997,0],[107.48649690500008,-7.07375056799998,0],[107.48649461700006,-7.073882096999967,0],[107.48656143300008,-7.074067057999969,0],[107.48656253700005,-7.074273293999966,0],[107.48636959300006,-7.074561269999947,0],[107.48630191300003,-7.074773850999975,0],[107.48623204200004,-7.07513589499996,0],[107.48617577000005,-7.075243799999953,0],[107.48577378500005,-7.075607617999935,0],[107.48577732100006,-7.075709225999958,0],[107.48586207300008,-7.075891102999947,0],[107.48593533800005,-7.076162710999938,0],[107.48588300200004,-7.076446946999965,0],[107.48589321000009,-7.076677045999929,0],[107.48598069900004,-7.076811084999974,0],[107.48611274700005,-7.076885103999928,0],[107.48632311600005,-7.077057342999979,0],[107.48628497300007,-7.077198029999977,0],[107.48588023500008,-7.077606698999944,0],[107.48526445900006,-7.078597558999945,0],[107.48519267600005,-7.07878158699998,0],[107.48519341400004,-7.078919316999929,0],[107.48532824500006,-7.079065894999928,0],[107.48544152100004,-7.07912076599996,0],[107.48552091300007,-7.079284856999948,0],[107.48548913800005,-7.079430411999965,0],[107.48541133400005,-7.079562822999947,0],[107.48515373400005,-7.079734453999947,0],[107.48484775000009,-7.079810694999935,0],[107.48467734400003,-7.079815430999929,0],[107.48446628500005,-7.079738126999928,0],[107.48420970700005,-7.079791231999934,0],[107.48412642600005,-7.079844769999966,0],[107.48404909300007,-7.079889383999955,0],[107.48391524900006,-7.07990128199998,0],[107.48379330100005,-7.079898306999951,0],[107.48370109700005,-7.07986856399998,0],[107.48351966300004,-7.07980015499993,0],[107.48329658900008,-7.080213585999957,0],[107.48322817900004,-7.079993485999978,0],[107.48321628200006,-7.07959492599997,0],[107.48314489800003,-7.079398620999939,0],[107.48313233500005,-7.07935465099996,0],[107.48311247400005,-7.079285137999932,0],[107.48310240200004,-7.079191910999953,0],[107.48310438800007,-7.079176253999947,0],[107.48312174900008,-7.07903940999995,0],[107.48317444500009,-7.07886696099996,0],[107.48331334300008,-7.078699790999963,0],[107.48339537600003,-7.078641963999928,0],[107.48343712500008,-7.078570960999969,0],[107.48343843500004,-7.078562560999956,0],[107.48344638300006,-7.078511609999964,0],[107.48343093700004,-7.07845236199995,0],[107.48326771400008,-7.078403523999953,0],[107.48310096400007,-7.07837571999994,0],[107.48295263600005,-7.078359746999979,0],[107.48289786200007,-7.078353847999949,0],[107.48279320800003,-7.078358279999975,0],[107.48274278600007,-7.078360414999963,0],[107.48261953900004,-7.078406905999941,0],[107.48259393900008,-7.078410144999964,0],[107.48239099700004,-7.078465592999976,0],[107.48222416500005,-7.078504540999973,0],[107.48206394800008,-7.078541943999937,0],[107.48187647100008,-7.078577377999977,0],[107.48173481000003,-7.078585785999962,0],[107.48156654100006,-7.078539730999978,0],[107.48152239600006,-7.078520836999928,0],[107.48147723200009,-7.078490470999952,0],[107.48140125100008,-7.07842679099997,0],[107.48131264900007,-7.07833065899996,0],[107.48115725700006,-7.078099060999932,0],[107.48100967100004,-7.077987066999981,0],[107.48095983200005,-7.077977767999926,0],[107.48090043000008,-7.077970432999962,0],[107.48083542500007,-7.077989909999928,0],[107.48075721100008,-7.078045802999952,0],[107.48068291800007,-7.078118891999964,0],[107.48065176500006,-7.078137790999961,0],[107.48062565500004,-7.078153630999964,0],[107.48052284600004,-7.078173224999944,0],[107.48048746100005,-7.078181064999967,0],[107.48045872700004,-7.078184138999973,0],[107.48038653100008,-7.078181868999934,0],[107.48022555300008,-7.078176806999977,0],[107.48013743700005,-7.078171537999935,0],[107.47995749700004,-7.078183975999934,0],[107.47984061900007,-7.078253802999939,0],[107.47982688900004,-7.078262005999932,0],[107.47979030300007,-7.078312164999943,0],[107.47977365200006,-7.078341598999941,0],[107.47970284200005,-7.078548798999975,0],[107.47958655100007,-7.078753325999969,0],[107.47956680800007,-7.078893859999937,0],[107.47963951900005,-7.079062291999946,0],[107.47965857300005,-7.07913392699993,0],[107.47964648300007,-7.079290377999939,0],[107.47962731100006,-7.07946551699996,0],[107.47954643800006,-7.079651028999933,0],[107.47948347400006,-7.079756314999941,0],[107.47944284600004,-7.07982425299997,0],[107.47940759100004,-7.079866651999964,0],[107.47936733100005,-7.079891774999965,0],[107.47932378500008,-7.079909904999965,0],[107.47929410900008,-7.07991101999994,0],[107.47927687400005,-7.079911111999934,0],[107.47925098700006,-7.079904553999938,0],[107.47921830100006,-7.079879859999949,0],[107.47914616500009,-7.079819028999964,0],[107.47910310400005,-7.07975834299998,0],[107.47898794700006,-7.079596053999978,0],[107.47889530800006,-7.079456492999952,0],[107.47888582700006,-7.079442209999968,0],[107.47859276500009,-7.079232566999963,0],[107.47847269600004,-7.079100923999931,0],[107.47846748800004,-7.079144510999981,0],[107.47845206300008,-7.079169700999955,0],[107.47842463800004,-7.079188976999944,0],[107.47837451200007,-7.079215546999933,0],[107.47812503500006,-7.079340024999965,0],[107.47807137000007,-7.079376178999951,0],[107.47802964100003,-7.079406291999931,0],[107.47800940300004,-7.079426724999962,0],[107.47797006800005,-7.079456824999966,0],[107.47790320500008,-7.07948707099996,0],[107.47776941700005,-7.079535607999958,0],[107.47765230700008,-7.07956970999993,0],[107.47748608300009,-7.079595702999939,0],[107.47731637100009,-7.079640844999972,0],[107.47716228100006,-7.079697858999964,0],[107.47706673300007,-7.07973543199995,0],[107.47701292800008,-7.079745283999955,0],[107.47695551800007,-7.079752762999931,0],[107.47688492500004,-7.079756725999971,0],[107.47683704000008,-7.079754589999936,0],[107.47678068700009,-7.079735759999949,0],[107.47670514700008,-7.079709858999934,0],[107.47662353300007,-7.079667250999933,0],[107.47657540500006,-7.079619682999976,0],[107.47653330000009,-7.079579255999931,0],[107.47648994600007,-7.079529271999945,0],[107.47647063700003,-7.079499483999939,0],[107.47645494800008,-7.079475057999957,0],[107.47642681700006,-7.079417328999966,0],[107.47633499100004,-7.07917155399997,0],[107.47630296100004,-7.079095597999981,0],[107.47629231100007,-7.079066105999971,0],[107.47624411500004,-7.078991358999929,0],[107.47617678700004,-7.078934327999946,0],[107.47610963100004,-7.07890957799998,0],[107.47605335500003,-7.078905094999925,0],[107.47598156500004,-7.078909063999959,0],[107.47591943200007,-7.078928523999934,0],[107.47588958200004,-7.078941834999966,0],[107.47585379800006,-7.078964741999926,0],[107.47583237000003,-7.078986376999978,0],[107.47582051700005,-7.079007960999945,0],[107.47581224100009,-7.079027134999933,0],[107.47571083300005,-7.07931223099996,0],[107.47568839300004,-7.079368543999976,0],[107.47566222800003,-7.079399769999952,0],[107.47564677200006,-7.079418981999936,0],[107.47553124800004,-7.07952600599998,0],[107.47535843600008,-7.07966322599998,0],[107.47528681700004,-7.079699475999973,0],[107.47524381500006,-7.079715247999957,0],[107.47516244400003,-7.079718071999935,0],[107.47512653900009,-7.079718262999961,0],[107.47506306300005,-7.079710231999968,0],[107.47501385300006,-7.079684189999966,0],[107.47494057200004,-7.079633168999976,0],[107.47485657200008,-7.079591768999933,0],[107.47450301200007,-7.079500391999943,0],[107.47420604100006,-7.079472081999938,0],[107.47398460900007,-7.079469672999949,0],[107.47386965700008,-7.079459523999958,0],[107.47380492000008,-7.079439542999978,0],[107.47375336700009,-7.07942307899998,0],[107.47371135800006,-7.079400584999973,0],[107.47369452600009,-7.079386326999952,0],[107.47367524900005,-7.079362517999925,0],[107.47366313400005,-7.079335082999933,0],[107.47363758700004,-7.079257503999941,0],[107.47362898000006,-7.079214506999961,0],[107.47362768100004,-7.079195383999945,0],[107.47363463900007,-7.079153500999951,0],[107.47364688800008,-7.079128315999981,0],[107.47371676700004,-7.079068174999975,0],[107.47375728700007,-7.079035677999968,0],[107.47378587700007,-7.079010417999939,0],[107.47381677800007,-7.078969602999962,0],[107.47385715100006,-7.078909607999947,0],[107.47387845800006,-7.078865255999972,0],[107.47388779700009,-7.078820968999935,0],[107.47388644700004,-7.078792280999949,0],[107.47388029700005,-7.078761227999962,0],[107.47387179800006,-7.078738556999951,0],[107.47385608000008,-7.078708749999976,0],[107.47384160400009,-7.078687305999949,0],[107.47380452700008,-7.078652423999927,0],[107.47367821200004,-7.078571003999969,0],[107.47361464600004,-7.078546234999976,0],[107.47357992600007,-7.078544027999953,0],[107.47353207900005,-7.078549064999947,0],[107.47350100600005,-7.078557598999964,0],[107.47342814600006,-7.078585485999952,0],[107.47333383900008,-7.078631420999955,0],[107.47329682700007,-7.078648355999974,0],[107.47325856100008,-7.078654537999967,0],[107.47321070700008,-7.078658378999933,0],[107.47317361200004,-7.07865977199998,0],[107.47311972900008,-7.078655275999949,0],[107.47300704400004,-7.078621201999965,0],[107.47296625600006,-7.078603484999974,0],[107.47292665300006,-7.078583369999933,0],[107.47277657900008,-7.078495691999933,0],[107.47272848300008,-7.078454100999977,0],[107.47270921900008,-7.07843268299996,0],[107.47269350800008,-7.078404070999966,0],[107.47268022200006,-7.078381424999975,0],[107.47267650400005,-7.078357532999974,0],[107.47267516700003,-7.07833123599994,0],[107.47268098500007,-7.078300118999948,0],[107.47270402700008,-7.078212223999969,0],[107.47279593700006,-7.078085492999946,0],[107.47291970600008,-7.077953316999981,0],[107.47296966000005,-7.077894465999975,0],[107.47309484200008,-7.077802933999976,0],[107.47315213000007,-7.077772738999954,0],[107.47319626000007,-7.077743809999959,0],[107.47321889100004,-7.077723363999951,0],[107.47327509700006,-7.077647101999958,0],[107.47329889200006,-7.077575717999935,0],[107.47328112500009,-7.077498256999945,0],[107.47325939100006,-7.077462503999925,0],[107.47322091400008,-7.077429231999929,0],[107.47313081500005,-7.077366342999937,0],[107.47299060900008,-7.077333610999972,0],[107.47294511700005,-7.077331461999961,0],[107.47292957200006,-7.077333935999945,0],[107.47289611800005,-7.077344873999948,0],[107.47284476900006,-7.077366667999968,0],[107.47274808200007,-7.077415006999956,0],[107.47267291200006,-7.077458447999959,0],[107.47260122300008,-7.077481545999945,0],[107.47255456000005,-7.077484184999946,0],[107.47247198600007,-7.077485819999936,0],[107.47239058300005,-7.07748266599998,0],[107.47232233900007,-7.077478245999941,0],[107.47225163100006,-7.077460686999927,0],[107.47212211400006,-7.077412354999979,0],[107.47207287900005,-7.077381530999958,0],[107.47202833500006,-7.077332746999957,0],[107.47197133500003,-7.077262557999973,0],[107.47194456800008,-7.077215550999938,0],[107.47193874300007,-7.077193387999955,0],[107.47192600500006,-7.077162076999969,0],[107.47190112900006,-7.077044083999965,0],[107.47187952000007,-7.076972502999979,0],[107.47184891800003,-7.076917033999962,0],[107.47181376600008,-7.07686412299995,0],[107.47174596900004,-7.076787850999949,0],[107.47169724300005,-7.076740284999971,0],[107.47149608300003,-7.076498642999979,0],[107.47136946000006,-7.076377724999929,0],[107.47132564300006,-7.076345251999953,0],[107.47125408000005,-7.076305598999966,0],[107.47115276900007,-7.076267876999964,0],[107.47111597900005,-7.076263481999945,0],[107.47106705100003,-7.076264153999944,0],[107.47102721700008,-7.076280786999973,0],[107.47099216100008,-7.076314641999943,0],[107.47097245800006,-7.076354536999929,0],[107.47096492500003,-7.076378297999952,0],[107.47096240600007,-7.076408918999959,0],[107.47096705600006,-7.076514695999947,0],[107.47097020700005,-7.076540121999926,0],[107.47098196700006,-7.076592564999942,0],[107.47102404700007,-7.076782772999934,0],[107.47103743100007,-7.076868785999977,0],[107.47106684200008,-7.076997755999969,0],[107.47110210500006,-7.077146781999943,0],[107.47110818500005,-7.077209877999962,0],[107.47110828900009,-7.077229517999967,0],[107.47110374400006,-7.077263917999971,0],[107.47109909400007,-7.077278677999971,0],[107.47106843500006,-7.077328281999939,0],[107.47103277200006,-7.077373904999945,0],[107.47098840300004,-7.077409926999962,0],[107.47095317500003,-7.07743120799995,0],[107.47087340000007,-7.077464949999978,0],[107.47081745500009,-7.077483204999965,0],[107.47078720100006,-7.077490593999926,0],[107.47072481500004,-7.07749886299996,0],[107.47055832500007,-7.077519833999929,0],[107.47044920500008,-7.077526151999962,0],[107.47040612000006,-7.077526380999927,0],[107.47034249900008,-7.077516197999955,0],[107.47031238600005,-7.077500928999939,0],[107.47026932800009,-7.077472327999942,0],[107.47025082600004,-7.077443303999928,0],[107.47022359800008,-7.077366422999944,0],[107.47021125500004,-7.077292658999966,0],[107.47020898700003,-7.077265778999958,0],[107.47021124800006,-7.077235668999947,0],[107.47021876900004,-7.077189827999973,0],[107.47030399300007,-7.076943765999943,0],[107.47034043600007,-7.076855726999952,0],[107.47035834600007,-7.076783379999938,0],[107.47036634300008,-7.076740179999945,0],[107.47037007600005,-7.076704089999964,0],[107.47036858700005,-7.07666722099998,0],[107.47036171400003,-7.076631483999961,0],[107.47034945000007,-7.076602178999963,0],[107.47033436100008,-7.076582425999959,0],[107.47029709600008,-7.076558573999932,0],[107.47026045100006,-7.076554463999969,0],[107.47023675400004,-7.076554589999944,0],[107.47021024200006,-7.076565491999929,0],[107.47018519600005,-7.07658212399997,0],[107.47003106500006,-7.07667900499996,0],[107.46989382400005,-7.076769242999944,0],[107.46979348300005,-7.076835217999928,0],[107.46978731100006,-7.076843533999977,0],[107.46977947000005,-7.076862363999965,0],[107.46977606800004,-7.076883785999939,0],[107.46976942800006,-7.076907021999943,0],[107.46976104600009,-7.076925421999931,0],[107.46974337900008,-7.076953556999968,0],[107.46973409500004,-7.07696329099997,0],[107.46971051300005,-7.076984936999963,0],[107.46968832400006,-7.076998684999978,0],[107.46968074800009,-7.077000882999926,0],[107.46961881800007,-7.077027031999933,0],[107.46959871200005,-7.077027137999949,0],[107.46957859400004,-7.077025092999975,0],[107.46956348700007,-7.077020151999932,0],[107.46955194000009,-7.07700945199997,0],[107.46953532100008,-7.076990171999967,0],[107.46952158200008,-7.076972309999974,0],[107.46944544200005,-7.076833543999953,0],[107.46943811600005,-7.076806322999971,0],[107.46943805500007,-7.076794844999938,0],[107.46944276500005,-7.076735277999944,0],[107.46943722000009,-7.076637744999971,0],[107.46942755300006,-7.076575384999956,0],[107.46940636900007,-7.076508064999928,0],[107.46937872700005,-7.076441495999973,0],[107.46934757800005,-7.076390727999978,0],[107.46927030000006,-7.076307922999945,0],[107.46913919500008,-7.076231142999973,0],[107.46909816100003,-7.07621199099998,0],[107.46904634000003,-7.076190027999928,0],[107.46900966800007,-7.076180896999972,0],[107.46897157100005,-7.076173924999978,0],[107.46884375100007,-7.07617460299997,0],[107.46878992100005,-7.076179909999951,0],[107.46873544900006,-7.076199567999936,0],[107.46870903600006,-7.076229120999926,0],[107.46869983800008,-7.076254994999942,0],[107.46869355400008,-7.076288744999943,0],[107.46869154900008,-7.076316732999942,0],[107.46868521900006,-7.076341874999969,0],[107.46867089000006,-7.076406443999929,0],[107.46866047500004,-7.076431388999936,0],[107.46865255400007,-7.076445096999976,0],[107.46864215400007,-7.076452605999975,0],[107.46862296600005,-7.076462006999975,0],[107.46857173700005,-7.076473037999961,0],[107.46855702400006,-7.076474550999933,0],[107.46853097900004,-7.076472799999976,0],[107.46849340400007,-7.076461975999962,0],[107.46845454700008,-7.07644711699993,0],[107.46842645000004,-7.076430049999942,0],[107.46835440400008,-7.076385954999978,0],[107.46833057700007,-7.076361689999942,0],[107.46831973000008,-7.076347400999964,0],[107.46830614700008,-7.076325739999959,0],[107.46829362400007,-7.07629983399994,0],[107.46828635000008,-7.076282296999977,0],[107.46819401700009,-7.076060119999966,0],[107.46817501500004,-7.076022528999943,0],[107.46814264000005,-7.075967041999945,0],[107.46807971500004,-7.075864898999953,0],[107.46830161100007,-7.075842763999958,0],[107.46838126000006,-7.075788468999974,0],[107.46841631300003,-7.075674574999937,0],[107.46846453000006,-7.075426500999981,0],[107.46856608900003,-7.075297525999929,0],[107.46866553500007,-7.075192393999941,0],[107.46875778900005,-7.075104350999936,0],[107.46890261000004,-7.075024719999931,0],[107.46898583400008,-7.074982267999928,0],[107.46904837300008,-7.074950366999929,0],[107.46910023400005,-7.074935018999952,0],[107.46920300500005,-7.074939048999966,0],[107.46926465900003,-7.074941465999927,0],[107.46932525900007,-7.074956611999937,0],[107.46948824900005,-7.074966841999981,0],[107.46963577800005,-7.074981362999949,0],[107.46969314400008,-7.074965754999937,0],[107.46976005400006,-7.074944356999936,0],[107.46979442000008,-7.07492504399994,0],[107.46981527100007,-7.074884760999964,0],[107.46982604100003,-7.074794553999936,0],[107.46982777800008,-7.07476106799993,0],[107.46984472200006,-7.074706456999934,0],[107.46985494100005,-7.074673942999937,0],[107.46982774300005,-7.074611792999974,0],[107.46980790400005,-7.074566458999925,0],[107.46978363800008,-7.074511007999945,0],[107.46981459000006,-7.074441667999963,0],[107.46982874800005,-7.074403332999964,0],[107.46984094600003,-7.074356399999942,0],[107.46984650200005,-7.074320979999925,0],[107.46985164800009,-7.074259343999927,0],[107.46980703300005,-7.07423554899998,0],[107.46979550900005,-7.074159639999948,0],[107.46973888300005,-7.074097392999931,0],[107.46963604200005,-7.073984343999939,0],[107.46969933200006,-7.073870484999929,0],[107.46984112500007,-7.073615396999969,0],[107.46993799200004,-7.073472033999963,0],[107.47012965700009,-7.07323532199996,0],[107.47019942700007,-7.073187786999938,0],[107.47048190000004,-7.073012461999951,0],[107.47065289100004,-7.072908402999929,0],[107.47097682700007,-7.072782742999948,0],[107.47158381600008,-7.071789606999971,0],[107.47203986000005,-7.070817714999976,0],[107.47247589100004,-7.070318215999976,0],[107.47286581400004,-7.069877252999959,0],[107.47311054000005,-7.069946066999933,0],[107.47334762100007,-7.070183094999948,0],[107.47361529400007,-7.070183093999958,0],[107.47393649600008,-7.070076049999955,0],[107.47414480800006,-7.069905889999973,0],[107.47539758100004,-7.068882559999963,0],[107.47636082400004,-7.068095728999936,0],[107.47636621200007,-7.068089885999939,0],[107.47635124500005,-7.067877363999969,0],[107.47632843800005,-7.067357408999953,0],[107.47629702900008,-7.067002165999952,0],[107.47624237600007,-7.066527663999977,0],[107.47617727900007,-7.065962490999937,0],[107.47603046100005,-7.065608888999975,0],[107.47601891300008,-7.065573418999975,0],[107.47590761400005,-7.065354000999946,0],[107.47587294400006,-7.065258163999943,0],[107.47576430400005,-7.06500673599993,0],[107.47575771300006,-7.064611340999932,0],[107.47575672600004,-7.064552114999969,0],[107.47595312400006,-7.06435154899998,0],[107.47606256400007,-7.064242131999947,0],[107.47637225900007,-7.064141031999952,0],[107.47664167600004,-7.064062947999957,0],[107.47702663000007,-7.063951845999952,0],[107.47758500200007,-7.063832507999962,0],[107.47812812800004,-7.063727372999949,0],[107.47864063100008,-7.063624544999925,0],[107.47870451600005,-7.063611726999966,0],[107.47877554300004,-7.063494439999943,0],[107.47899523700005,-7.063140984999961,0],[107.47915137900009,-7.062815352999962,0],[107.47935266300004,-7.062359243999936,0],[107.47974846300008,-7.061675708999928,0],[107.47981042200007,-7.061577274999934,0],[107.47996424400009,-7.060965868999972,0],[107.480185,-7.060588,0],[107.48054,-7.060158,0],[107.48075051700005,-7.059837975999926,0],[107.48073055400005,-7.059094627999968,0],[107.48072258900004,-7.058798030999981,0],[107.48071854500006,-7.058667679999928,0],[107.48071103800004,-7.058553667999945,0],[107.48067551800006,-7.058237540999926,0],[107.48063750800009,-7.057890383999961,0],[107.48060973200006,-7.057764014999975,0],[107.48053774700008,-7.057370083999956,0],[107.48047160600004,-7.057031113999926,0],[107.48041006700004,-7.056800735999957,0],[107.48032384400005,-7.056477948999941,0],[107.48029762300007,-7.05639687799993,0],[107.48029004600005,-7.056374422999966,0],[107.48030839700004,-7.056383080999979,0],[107.48048707200007,-7.056284755999968,0],[107.48069935500007,-7.056227240999931,0],[107.48085480200007,-7.056178436999971,0],[107.48123155700006,-7.056083049999927,0],[107.48123477900003,-7.056082698999944,0],[107.48126658000007,-7.056073560999948,0],[107.48132969800008,-7.056056459999979,0],[107.48136096800005,-7.056047987999932,0],[107.48146112000006,-7.05602085299995,0],[107.48153541900007,-7.056000722999954,0],[107.48161881000004,-7.055978129999971,0],[107.48162014900004,-7.055977766999945,0],[107.48177066800008,-7.055936985999949,0],[107.48191279500008,-7.05589847899995,0],[107.48222795000004,-7.055813091999937,0],[107.48226446100006,-7.055779843999971,0],[107.48232246300006,-7.055727023999964,0],[107.48235825800003,-7.055694426999935,0],[107.48236873100007,-7.055684888999963,0],[107.48241852500007,-7.055667751999977,0],[107.48259274400004,-7.055607792999979,0],[107.48280213400005,-7.055535728999928,0],[107.48296694600003,-7.055479006999974,0],[107.48317606000006,-7.055407037999942,0],[107.48329637400008,-7.055365630999972,0],[107.48332428400005,-7.055350251999926,0],[107.48354273700005,-7.055229882999981,0],[107.48363201800004,-7.055152688999954,0],[107.48387709200006,-7.054940792999957,0],[107.48388960800008,-7.054930333999948,0],[107.48408368900004,-7.05476816099997,0],[107.48410769600008,-7.054748100999973,0],[107.48440262900004,-7.054501655999957,0],[107.48442764500004,-7.05448075299995,0],[107.48455890700006,-7.054386305999969,0],[107.48472267800008,-7.054268468999965,0],[107.48472558700007,-7.05426637599993,0],[107.48477518200008,-7.05423068999994,0],[107.48477629000007,-7.054229892999956,0],[107.48492206200007,-7.054125006999925,0],[107.48493288800006,-7.054117216999941,0],[107.48494085900006,-7.05411148099995,0],[107.48499579700007,-7.054071951999958,0],[107.48506417300007,-7.054022753999959,0],[107.48510891900008,-7.053990557999953,0],[107.48513344500009,-7.053976472999977,0],[107.48515474400006,-7.053964239999971,0],[107.48528415100009,-7.05388992099995,0],[107.48534044400009,-7.053857590999939,0],[107.48548098400005,-7.053776877999951,0],[107.48551635700005,-7.053761087999931,0],[107.48555609900006,-7.053743345999976,0],[107.48560267800008,-7.053722552999943,0],[107.48577415600005,-7.053646004999962,0],[107.48581725500009,-7.053626764999933,0],[107.48590332400005,-7.053588342999944,0],[107.48602554600006,-7.053520205999973,0],[107.48618740100005,-7.053429971999947,0],[107.48624108400008,-7.053389808999952,0],[107.48638049800007,-7.053285503999973,0],[107.48659029300006,-7.053128543999946,0],[107.48674521100008,-7.053012639999963,0],[107.48675435500007,-7.052999008999961,0],[107.48681298400004,-7.052961934999928,0],[107.48703776200006,-7.052793764999933,0],[107.48766803700005,-7.052365467999948,0],[107.48795297900006,-7.052117515999953,0],[107.48815910900004,-7.051903587999959,0],[107.48851808700005,-7.051560713999947,0],[107.48909764100006,-7.051064979999978,0],[107.48927552700007,-7.050925882999934,0],[107.48974301700008,-7.050596604999953,0],[107.48975200400008,-7.050592646999974,0],[107.48979043100007,-7.050563208999961,0],[107.48988539900006,-7.050496316999954,0],[107.49006070700005,-7.050445519999926,0],[107.49009955700006,-7.050434261999953,0],[107.49016458700004,-7.050415418999933,0],[107.49095701400006,-7.050226426999927,0],[107.49098636000008,-7.05021981799996,0],[107.49135642900006,-7.050068820999968,0],[107.49152657400003,-7.050024153999971,0],[107.49178180000007,-7.050030536999941,0],[107.49205403400003,-7.049930578999977,0],[107.49221898800005,-7.049841882999942,0],[107.49227948100008,-7.049809355999969,0],[107.49246650200007,-7.049719773999925,0],[107.49248924400007,-7.049714256999948,0],[107.49302679500005,-7.049583864999931,0],[107.49314051900006,-7.049550580999949,0],[107.49322599800007,-7.049448978999976,0],[107.49328752800005,-7.04937584299995,0],[107.49337906200009,-7.049287084999946,0],[107.49366198200005,-7.049278765999929,0],[107.49390081200005,-7.049240243999975,0],[107.49399234400005,-7.049225479999961,0],[107.49400592600006,-7.049223289999929,0],[107.49414719900005,-7.04919616799998,0],[107.49427381000004,-7.049171859999944,0],[107.49435264400006,-7.049156724999932,0],[107.49477980200004,-7.049059648999958,0],[107.49478301900007,-7.049051690999931,0],[107.49483250200007,-7.048929285999975,0],[107.49485582700004,-7.048852832999955,0],[107.49488242800004,-7.048765644999946,0],[107.49489683900003,-7.048747550999963,0],[107.49493823200004,-7.048695575999943,0],[107.49533957300008,-7.048652981999965,0],[107.49550174500007,-7.048572715999967,0],[107.49569047100005,-7.048502619999965,0],[107.49570367200005,-7.048497716999975,0],[107.49573108000004,-7.048487537999961,0],[107.49573087200008,-7.048484478999967,0],[107.49572147400005,-7.048346404999961,0],[107.49570978500009,-7.048174671999959,0],[107.49572822300007,-7.048169464999944,0],[107.49598053100004,-7.048098212999946,0],[107.49598372700007,-7.048097309999946,0],[107.49612586800004,-7.048056728999939,0],[107.49614225200008,-7.047973189999936,0],[107.49618648100005,-7.04792240699993,0],[107.49622985900004,-7.047910531999946,0],[107.49642697200005,-7.047856570999954,0],[107.496713,-7.047675,0],[107.49685390300004,-7.047896648999938,0]]]]}}]}